Row_Index,Column,Value,Column_Mean,Column_Median,Column_Std,Z_Score,Percentile,Action_Needed,Notes
166,AnnualSalary,331048.0,121713.244092764,102440.0,76924.68668910056,2.7212948783696067,95.28217378321887,INVESTIGATE,
167,AnnualSalary,331048.0,121713.244092764,102440.0,76924.68668910056,2.7212948783696067,95.28217378321887,INVESTIGATE,
203,AnnualSalary,337475.2,121713.244092764,102440.0,76924.68668910056,2.8048467298834936,98.82552005573804,INVESTIGATE,
206,AnnualSalary,338848.0,121713.244092764,102440.0,76924.68668910056,2.82269275642044,99.56205832586842,INVESTIGATE,
222,AnnualSalary,330403.2,121713.244092764,102440.0,76924.68668910056,2.712912653784071,94.96367074748682,INVESTIGATE,
231,AnnualSalary,332129.6,121713.244092764,102440.0,76924.68668910056,2.7353553841259886,95.73006867721709,INVESTIGATE,
232,AnnualSalary,337849.6,121713.244092764,102440.0,76924.68668910056,2.8097138280299334,99.04449089280382,INVESTIGATE,
248,AnnualSalary,339846.4,121713.244092764,102440.0,76924.68668910056,2.835671684810947,99.94028068080024,INVESTIGATE,
297,AnnualSalary,330944.0,121713.244092764,102440.0,76924.68668910056,2.7199429066622622,95.23240768388574,INVESTIGATE,
298,AnnualSalary,289737.6,121713.244092764,102440.0,76924.68668910056,2.1842709166476633,94.55558873295512,INVESTIGATE,
390,AnnualSalary,335998.4,121713.244092764,102440.0,76924.68668910056,2.7856487316392027,97.93968348760825,INVESTIGATE,
421,AnnualSalary,331505.6,121713.244092764,102440.0,76924.68668910056,2.7272435538819217,95.5110978401513,INVESTIGATE,
434,AnnualSalary,334272.0,121713.244092764,102440.0,76924.68668910056,2.7632060012972843,96.99412760027869,INVESTIGATE,
438,AnnualSalary,336497.6,121713.244092764,102440.0,76924.68668910056,2.7921381958344553,98.2581865233403,INVESTIGATE,
451,AnnualSalary,332753.6,121713.244092764,102440.0,76924.68668910056,2.7434672143700554,96.00875883348263,INVESTIGATE,
463,AnnualSalary,333363.2,121713.244092764,102440.0,76924.68668910056,2.751391848531567,96.48651338708072,INVESTIGATE,
472,AnnualSalary,333606.4,121713.244092764,102440.0,76924.68668910056,2.7545533823702804,96.63581168508011,INVESTIGATE,
473,AnnualSalary,335644.8,121713.244092764,102440.0,76924.68668910056,2.781052027834231,97.7406190902757,INVESTIGATE,
524,AnnualSalary,333793.6,121713.244092764,102440.0,76924.68668910056,2.7569869314434996,96.79506320294615,INVESTIGATE,
535,AnnualSalary,331048.0,121713.244092764,102440.0,76924.68668910056,2.7212948783696067,95.28217378321887,INVESTIGATE,
560,AnnualSalary,336913.6,121713.244092764,102440.0,76924.68668910056,2.797546082663833,98.53687667960585,INVESTIGATE,
580,AnnualSalary,336809.6,121713.244092764,102440.0,76924.68668910056,2.7961941109564887,98.44729770080622,INVESTIGATE,
626,AnnualSalary,334480.0,121713.244092764,102440.0,76924.68668910056,2.7659099447119733,97.05384691947845,INVESTIGATE,
634,AnnualSalary,336705.6,121713.244092764,102440.0,76924.68668910056,2.7948421392491443,98.35771872200657,INVESTIGATE,
641,AnnualSalary,330174.4,121713.244092764,102440.0,76924.68668910056,2.709938316027914,94.80441922962079,INVESTIGATE,
660,AnnualSalary,338848.0,121713.244092764,102440.0,76924.68668910056,2.82269275642044,99.56205832586842,INVESTIGATE,
665,AnnualSalary,334126.4,121713.244092764,102440.0,76924.68668910056,2.7613132409070027,96.94436150094555,INVESTIGATE,
666,AnnualSalary,334916.8,121713.244092764,102440.0,76924.68668910056,2.77158822588282,97.35244351547726,INVESTIGATE,
667,AnnualSalary,332379.2,121713.244092764,102440.0,76924.68668910056,2.7386001162236155,95.79974121628346,INVESTIGATE,
669,AnnualSalary,336830.4,121713.244092764,102440.0,76924.68668910056,2.7964645052979584,98.48711058027271,INVESTIGATE,
671,AnnualSalary,332712.0,121713.244092764,102440.0,76924.68668910056,2.7429264256871178,95.97889917388275,INVESTIGATE,
673,AnnualSalary,337392.0,121713.244092764,102440.0,76924.68668910056,2.803765152517618,98.78570717627152,INVESTIGATE,
683,AnnualSalary,336872.0,121713.244092764,102440.0,76924.68668910056,2.7970052939808956,98.50701702000597,INVESTIGATE,
686,AnnualSalary,331328.4,121713.244092764,102440.0,76924.68668910056,2.724940002088255,95.4414253010849,INVESTIGATE,
718,AnnualSalary,338286.4,121713.244092764,102440.0,76924.68668910056,2.8153921092007805,99.2933213894695,INVESTIGATE,
754,AnnualSalary,338099.2,121713.244092764,102440.0,76924.68668910056,2.8129585601275604,99.1838359709366,INVESTIGATE,
798,AnnualSalary,332878.4,121713.244092764,102440.0,76924.68668910056,2.745089580418869,96.13815069174878,INVESTIGATE,
816,AnnualSalary,336285.6,121713.244092764,102440.0,76924.68668910056,2.7893822535079456,98.10888822534089,INVESTIGATE,
835,AnnualSalary,333024.0,121713.244092764,102440.0,76924.68668910056,2.746982340809151,96.20782323081517,INVESTIGATE,
841,AnnualSalary,333148.8,121713.244092764,102440.0,76924.68668910056,2.7486047068579644,96.28744898974819,INVESTIGATE,
921,AnnualSalary,332795.2,121713.244092764,102440.0,76924.68668910056,2.7440080030529934,96.07843137254902,INVESTIGATE,
956,AnnualSalary,333065.6,121713.244092764,102440.0,76924.68668910056,2.7475231294920888,96.23768289041504,INVESTIGATE,
976,AnnualSalary,334729.6,121713.244092764,102440.0,76924.68668910056,2.7691546768096,97.24295809694436,INVESTIGATE,
1012,AnnualSalary,333710.4,121713.244092764,102440.0,76924.68668910056,2.755905354077625,96.68557778441325,INVESTIGATE,
1045,AnnualSalary,332483.2,121713.244092764,102440.0,76924.68668910056,2.73995208793096,95.8893201950831,INVESTIGATE,
1050,AnnualSalary,338681.6,121713.244092764,102440.0,76924.68668910056,2.8205296016886887,99.43266646760227,INVESTIGATE,
1063,AnnualSalary,335748.8,121713.244092764,102440.0,76924.68668910056,2.7824039995415757,97.78043196974221,INVESTIGATE,
1081,AnnualSalary,331401.6,121713.244092764,102440.0,76924.68668910056,2.7258915821745773,95.47128496068478,INVESTIGATE,
1127,AnnualSalary,334084.8,121713.244092764,102440.0,76924.68668910056,2.760772452224064,96.90454862147905,INVESTIGATE,
1154,AnnualSalary,330320.0,121713.244092764,102440.0,76924.68668910056,2.7118310764181954,94.90395142828704,INVESTIGATE,
1163,AnnualSalary,339721.6,121713.244092764,102440.0,76924.68668910056,2.8340493187621334,99.88056136160047,INVESTIGATE,
1191,AnnualSalary,289883.2,121713.244092764,102440.0,76924.68668910056,2.1861636770379462,94.63521449188814,INVESTIGATE,
1213,AnnualSalary,336976.0,121713.244092764,102440.0,76924.68668910056,2.79835726568824,98.55678311933912,INVESTIGATE,
1223,AnnualSalary,332982.4,121713.244092764,102440.0,76924.68668910056,2.7464415521262135,96.17796357121529,INVESTIGATE,
1233,AnnualSalary,333273.6,121713.244092764,102440.0,76924.68668910056,2.7502270729067777,96.34716830894794,INVESTIGATE,
1257,AnnualSalary,334563.2,121713.244092764,102440.0,76924.68668910056,2.766991522077849,97.11356623867822,INVESTIGATE,
1279,AnnualSalary,339680.0,121713.244092764,102440.0,76924.68668910056,2.833508530079196,99.8507017020006,INVESTIGATE,
1287,AnnualSalary,335291.2,121713.244092764,102440.0,76924.68668910056,2.77645532402926,97.57141435254304,INVESTIGATE,
1296,AnnualSalary,333689.6,121713.244092764,102440.0,76924.68668910056,2.755634959736155,96.67562456454664,INVESTIGATE,
1319,AnnualSalary,339742.4,121713.244092764,102440.0,76924.68668910056,2.8343197131036026,99.8905145814671,INVESTIGATE,
1321,AnnualSalary,336622.4,121713.244092764,102440.0,76924.68668910056,2.7937605618832695,98.30795262267344,INVESTIGATE,
1332,AnnualSalary,339950.4,121713.244092764,102440.0,76924.68668910056,2.8370236565182916,99.99004678013337,INVESTIGATE,
1344,AnnualSalary,334376.0,121713.244092764,102440.0,76924.68668910056,2.764557973004629,97.02398725987858,INVESTIGATE,
1362,AnnualSalary,333321.6,121713.244092764,102440.0,76924.68668910056,2.7508510598486287,96.38698118841445,INVESTIGATE,
1374,AnnualSalary,289820.8,121713.244092764,102440.0,76924.68668910056,2.185352494013539,94.585448392555,INVESTIGATE,
1385,AnnualSalary,334916.8,121713.244092764,102440.0,76924.68668910056,2.77158822588282,97.35244351547726,INVESTIGATE,
1386,AnnualSalary,338952.0,121713.244092764,102440.0,76924.68668910056,2.8240447281277845,99.62177764506818,INVESTIGATE,
1388,AnnualSalary,330382.4,121713.244092764,102440.0,76924.68668910056,2.7126422594426023,94.94376430775355,INVESTIGATE,
1399,AnnualSalary,333731.2,121713.244092764,102440.0,76924.68668910056,2.7561757484190936,96.71543744401315,INVESTIGATE,
1426,AnnualSalary,336033.2,121713.244092764,102440.0,76924.68668910056,2.786101122172045,97.9595899273415,INVESTIGATE,
1434,AnnualSalary,334584.0,121713.244092764,102440.0,76924.68668910056,2.7672619164193177,97.13347267841147,INVESTIGATE,
1436,AnnualSalary,336747.2,121713.244092764,102440.0,76924.68668910056,2.7953829279320828,98.40748482133971,INVESTIGATE,
1438,AnnualSalary,339763.2,121713.244092764,102440.0,76924.68668910056,2.8345901074450714,99.90046780133373,INVESTIGATE,
1440,AnnualSalary,334209.6,121713.244092764,102440.0,76924.68668910056,2.7623948182728775,96.96426794067881,INVESTIGATE,
1453,AnnualSalary,330049.6,121713.244092764,102440.0,76924.68668910056,2.7083159499790996,94.74469991042102,INVESTIGATE,
1489,AnnualSalary,330444.8,121713.244092764,102440.0,76924.68668910056,2.7134534424670087,95.02339006668657,INVESTIGATE,
1521,AnnualSalary,331172.8,121713.244092764,102440.0,76924.68668910056,2.72291724441842,95.37175276201852,INVESTIGATE,
1601,AnnualSalary,332774.4,121713.244092764,102440.0,76924.68668910056,2.7437376087115246,96.04857171294914,INVESTIGATE,
1609,AnnualSalary,336684.8,121713.244092764,102440.0,76924.68668910056,2.7945717449076755,98.34776550213994,INVESTIGATE,
1613,AnnualSalary,339534.4,121713.244092764,102440.0,76924.68668910056,2.8316157696889137,99.82084204240071,INVESTIGATE,
1620,AnnualSalary,330028.8,121713.244092764,102440.0,76924.68668910056,2.708045555637631,94.72479347068776,INVESTIGATE,
1621,AnnualSalary,334688.0,121713.244092764,102440.0,76924.68668910056,2.768613888126662,97.21309843734448,INVESTIGATE,
1655,AnnualSalary,338473.6,121713.244092764,102440.0,76924.68668910056,2.817825658274,99.38290036826913,INVESTIGATE,
1659,AnnualSalary,336331.2,121713.244092764,102440.0,76924.68668910056,2.789975041102705,98.17856076440728,INVESTIGATE,
1664,AnnualSalary,335291.2,121713.244092764,102440.0,76924.68668910056,2.77645532402926,97.57141435254304,INVESTIGATE,
1680,AnnualSalary,335291.2,121713.244092764,102440.0,76924.68668910056,2.77645532402926,97.57141435254304,INVESTIGATE,
1701,AnnualSalary,336040.0,121713.244092764,102440.0,76924.68668910056,2.7861895203221403,97.98944958694138,INVESTIGATE,
1702,AnnualSalary,338806.4,121713.244092764,102440.0,76924.68668910056,2.822151967737503,99.51229222653528,INVESTIGATE,
1712,AnnualSalary,333384.0,121713.244092764,102440.0,76924.68668910056,2.751662242873036,96.50641982681397,INVESTIGATE,
1718,AnnualSalary,330236.8,121713.244092764,102440.0,76924.68668910056,2.7107494990523198,94.82432566935404,INVESTIGATE,
1780,AnnualSalary,332817.6,121713.244092764,102440.0,76924.68668910056,2.7442991969591906,96.11824425201553,INVESTIGATE,
1797,AnnualSalary,289696.0,121713.244092764,102440.0,76924.68668910056,2.1837301279647257,94.52572907335524,INVESTIGATE,
1805,AnnualSalary,332171.2,121713.244092764,102440.0,76924.68668910056,2.735896172808927,95.74002189708371,INVESTIGATE,
1810,AnnualSalary,333330.4,121713.244092764,102440.0,76924.68668910056,2.7509654574546354,96.40688762814771,INVESTIGATE,
1812,AnnualSalary,336747.2,121713.244092764,102440.0,76924.68668910056,2.7953829279320828,98.40748482133971,INVESTIGATE,
1834,AnnualSalary,335936.0,121713.244092764,102440.0,76924.68668910056,2.784837548614796,97.88991738827511,INVESTIGATE,
1837,AnnualSalary,339680.0,121713.244092764,102440.0,76924.68668910056,2.833508530079196,99.8507017020006,INVESTIGATE,
1854,AnnualSalary,339680.0,121713.244092764,102440.0,76924.68668910056,2.833508530079196,99.8507017020006,INVESTIGATE,
1859,AnnualSalary,334979.2,121713.244092764,102440.0,76924.68668910056,2.772399408907227,97.39225639494377,INVESTIGATE,
1873,AnnualSalary,330340.8,121713.244092764,102440.0,76924.68668910056,2.7121014707596642,94.91390464815368,INVESTIGATE,
1908,AnnualSalary,336497.6,121713.244092764,102440.0,76924.68668910056,2.7921381958344553,98.2581865233403,INVESTIGATE,
1913,AnnualSalary,332296.0,121713.244092764,102440.0,76924.68668910056,2.73751853885774,95.74997511695034,INVESTIGATE,
1939,AnnualSalary,335145.6,121713.244092764,102440.0,76924.68668910056,2.7745625636389777,97.46192893401016,INVESTIGATE,
1960,AnnualSalary,334230.4,121713.244092764,102440.0,76924.68668910056,2.762665212614347,96.97422116054544,INVESTIGATE,
1966,AnnualSalary,339825.6,121713.244092764,102440.0,76924.68668910056,2.835401290469478,99.93032746093361,INVESTIGATE,
1982,AnnualSalary,334729.6,121713.244092764,102440.0,76924.68668910056,2.7691546768096,97.24295809694436,INVESTIGATE,
2002,AnnualSalary,337516.8,121713.244092764,102440.0,76924.68668910056,2.805387518566431,98.84542649547129,INVESTIGATE,
2021,AnnualSalary,289966.4,121713.244092764,102440.0,76924.68668910056,2.187245254403822,94.665074151488,INVESTIGATE,
2033,AnnualSalary,334792.0,121713.244092764,102440.0,76924.68668910056,2.7699658598340067,97.29272419627749,INVESTIGATE,
2066,AnnualSalary,336372.8,121713.244092764,102440.0,76924.68668910056,2.790515829785642,98.22832686374042,INVESTIGATE,
2072,AnnualSalary,334708.8,121713.244092764,102440.0,76924.68668910056,2.768884282468131,97.22305165721112,INVESTIGATE,
2089,AnnualSalary,289966.4,121713.244092764,102440.0,76924.68668910056,2.187245254403822,94.665074151488,INVESTIGATE,
2092,AnnualSalary,334064.0,121713.244092764,102440.0,76924.68668910056,2.760502057882596,96.88464218174579,INVESTIGATE,
2097,AnnualSalary,330216.0,121713.244092764,102440.0,76924.68668910056,2.710479104710851,94.81437244948741,INVESTIGATE,
2103,AnnualSalary,289675.2,121713.244092764,102440.0,76924.68668910056,2.1834597336232573,94.5157758534886,INVESTIGATE,
2140,AnnualSalary,289924.8,121713.244092764,102440.0,76924.68668910056,2.1867044657208834,94.65512093162138,INVESTIGATE,
2179,AnnualSalary,335644.8,121713.244092764,102440.0,76924.68668910056,2.781052027834231,97.7406190902757,INVESTIGATE,
2188,AnnualSalary,331776.0,121713.244092764,102440.0,76924.68668910056,2.730758680321018,95.65044291828406,INVESTIGATE,
2190,AnnualSalary,336726.4,121713.244092764,102440.0,76924.68668910056,2.795112533590614,98.38757838160645,INVESTIGATE,
2213,AnnualSalary,331172.8,121713.244092764,102440.0,76924.68668910056,2.72291724441842,95.37175276201852,INVESTIGATE,
2226,AnnualSalary,336285.6,121713.244092764,102440.0,76924.68668910056,2.7893822535079456,98.10888822534089,INVESTIGATE,
2228,AnnualSalary,332462.4,121713.244092764,102440.0,76924.68668910056,2.7396816935894917,95.87936697521648,INVESTIGATE,
2230,AnnualSalary,333384.0,121713.244092764,102440.0,76924.68668910056,2.751662242873036,96.50641982681397,INVESTIGATE,
2259,AnnualSalary,334105.6,121713.244092764,102440.0,76924.68668910056,2.761042846565533,96.91450184134568,INVESTIGATE,
2271,AnnualSalary,333585.6,121713.244092764,102440.0,76924.68668910056,2.7542829880288107,96.6258584652135,INVESTIGATE,
2302,AnnualSalary,331464.0,121713.244092764,102440.0,76924.68668910056,2.7267027651989846,95.50114462028466,INVESTIGATE,
2325,AnnualSalary,333128.0,121713.244092764,102440.0,76924.68668910056,2.7483343125164956,96.26754255001492,INVESTIGATE,
2327,AnnualSalary,337995.2,121713.244092764,102440.0,76924.68668910056,2.811606588420216,99.14402309147009,INVESTIGATE,
2329,AnnualSalary,333342.4,121713.244092764,102440.0,76924.68668910056,2.7511214541900983,96.43674728774758,INVESTIGATE,
2334,AnnualSalary,333980.8,121713.244092764,102440.0,76924.68668910056,2.7594204805167197,96.86473574201254,INVESTIGATE,
2336,AnnualSalary,339160.0,121713.244092764,102440.0,76924.68668910056,2.8267486715424734,99.68149696426795,INVESTIGATE,
2340,AnnualSalary,332795.2,121713.244092764,102440.0,76924.68668910056,2.7440080030529934,96.07843137254902,INVESTIGATE,
2341,AnnualSalary,335790.4,121713.244092764,102440.0,76924.68668910056,2.7829447882245137,97.81029162934209,INVESTIGATE,
2371,AnnualSalary,337017.6,121713.244092764,102440.0,76924.68668910056,2.7988980543711777,98.58664277893898,INVESTIGATE,
2395,AnnualSalary,333502.4,121713.244092764,102440.0,76924.68668910056,2.753201410662936,96.57609236588036,INVESTIGATE,
2400,AnnualSalary,338785.6,121713.244092764,102440.0,76924.68668910056,2.821881573396033,99.49238578680203,INVESTIGATE,
2418,AnnualSalary,332753.6,121713.244092764,102440.0,76924.68668910056,2.7434672143700554,96.00875883348263,INVESTIGATE,
2477,AnnualSalary,333398.4,121713.244092764,102440.0,76924.68668910056,2.7518494389555914,96.52632626654723,INVESTIGATE,
2480,AnnualSalary,333065.6,121713.244092764,102440.0,76924.68668910056,2.7475231294920888,96.23768289041504,INVESTIGATE,
2487,AnnualSalary,335624.0,121713.244092764,102440.0,76924.68668910056,2.7807816334927624,97.72071265054245,INVESTIGATE,
2503,AnnualSalary,338827.2,121713.244092764,102440.0,76924.68668910056,2.8224223620789717,99.53219866626853,INVESTIGATE,
2522,AnnualSalary,331443.2,121713.244092764,102440.0,76924.68668910056,2.7264323708575158,95.48123818055141,INVESTIGATE,
2545,AnnualSalary,335083.2,121713.244092764,102440.0,76924.68668910056,2.7737513806145713,97.42211605454364,INVESTIGATE,
2550,AnnualSalary,332712.0,121713.244092764,102440.0,76924.68668910056,2.7429264256871178,95.97889917388275,INVESTIGATE,
2552,AnnualSalary,332753.6,121713.244092764,102440.0,76924.68668910056,2.7434672143700554,96.00875883348263,INVESTIGATE,
2578,AnnualSalary,339846.4,121713.244092764,102440.0,76924.68668910056,2.835671684810947,99.94028068080024,INVESTIGATE,
2581,AnnualSalary,333772.8,121713.244092764,102440.0,76924.68668910056,2.7567165371020312,96.7751567632129,INVESTIGATE,
2600,AnnualSalary,338848.0,121713.244092764,102440.0,76924.68668910056,2.82269275642044,99.56205832586842,INVESTIGATE,
2639,AnnualSalary,335977.6,121713.244092764,102440.0,76924.68668910056,2.785378337297733,97.91977704787499,INVESTIGATE,
2655,AnnualSalary,338910.4,121713.244092764,102440.0,76924.68668910056,2.8235039394448473,99.60187120533493,INVESTIGATE,
2664,AnnualSalary,333960.0,121713.244092764,102440.0,76924.68668910056,2.7591500861752514,96.85478252214591,INVESTIGATE,
2676,AnnualSalary,336580.8,121713.244092764,102440.0,76924.68668910056,2.793219773200331,98.29799940280681,INVESTIGATE,
2683,AnnualSalary,330673.6,121713.244092764,102440.0,76924.68668910056,2.7164277802231664,95.14282870508609,INVESTIGATE,
2722,AnnualSalary,333772.8,121713.244092764,102440.0,76924.68668910056,2.7567165371020312,96.7751567632129,INVESTIGATE,
2726,AnnualSalary,336248.0,121713.244092764,102440.0,76924.68668910056,2.7888934637368292,98.07902856574103,INVESTIGATE,
2735,AnnualSalary,330964.8,121713.244092764,102440.0,76924.68668910056,2.720213301003731,95.26226734348562,INVESTIGATE,
2736,AnnualSalary,336435.2,121713.244092764,102440.0,76924.68668910056,2.7913270128100494,98.24823330347368,INVESTIGATE,
2746,AnnualSalary,334625.6,121713.244092764,102440.0,76924.68668910056,2.7678027051022553,97.16333233801134,INVESTIGATE,
2754,AnnualSalary,339430.4,121713.244092764,102440.0,76924.68668910056,2.8302637979815692,99.7810291629342,INVESTIGATE,
2756,AnnualSalary,332982.4,121713.244092764,102440.0,76924.68668910056,2.7464415521262135,96.17796357121529,INVESTIGATE,
2784,AnnualSalary,334563.2,121713.244092764,102440.0,76924.68668910056,2.766991522077849,97.11356623867822,INVESTIGATE,
2794,AnnualSalary,330028.8,121713.244092764,102440.0,76924.68668910056,2.708045555637631,94.72479347068776,INVESTIGATE,
2878,AnnualSalary,338307.2,121713.244092764,102440.0,76924.68668910056,2.8156625035422493,99.32318104906938,INVESTIGATE,
2900,AnnualSalary,336851.2,121713.244092764,102440.0,76924.68668910056,2.796734899639427,98.49706380013934,INVESTIGATE,
2904,AnnualSalary,330881.6,121713.244092764,102440.0,76924.68668910056,2.7191317236378554,95.21250124415248,INVESTIGATE,
2999,AnnualSalary,334625.6,121713.244092764,102440.0,76924.68668910056,2.7678027051022553,97.16333233801134,INVESTIGATE,
3000,AnnualSalary,333523.2,121713.244092764,102440.0,76924.68668910056,2.7534718050044047,96.58604558574699,INVESTIGATE,
3007,AnnualSalary,330528.0,121713.244092764,102440.0,76924.68668910056,2.7145350198328844,95.07315616601971,INVESTIGATE,
3021,AnnualSalary,331276.8,121713.244092764,102440.0,76924.68668910056,2.7242692161257644,95.42151886135166,INVESTIGATE,
3041,AnnualSalary,335977.6,121713.244092764,102440.0,76924.68668910056,2.785378337297733,97.91977704787499,INVESTIGATE,
3044,AnnualSalary,289758.4,121713.244092764,102440.0,76924.68668910056,2.184541310989133,94.56554195282175,INVESTIGATE,
3099,AnnualSalary,332961.6,121713.244092764,102440.0,76924.68668910056,2.7461711577847443,96.16801035134867,INVESTIGATE,
3110,AnnualSalary,336268.8,121713.244092764,102440.0,76924.68668910056,2.7891638580782976,98.09893500547427,INVESTIGATE,
3140,AnnualSalary,337537.6,121713.244092764,102440.0,76924.68668910056,2.8056579129079,98.90514581467104,INVESTIGATE,
3147,AnnualSalary,338286.4,121713.244092764,102440.0,76924.68668910056,2.8153921092007805,99.2933213894695,INVESTIGATE,
3172,AnnualSalary,333342.4,121713.244092764,102440.0,76924.68668910056,2.7511214541900983,96.43674728774758,INVESTIGATE,
3178,AnnualSalary,331734.4,121713.244092764,102440.0,76924.68668910056,2.7302178916380804,95.61063003881756,INVESTIGATE,
3185,AnnualSalary,333330.4,121713.244092764,102440.0,76924.68668910056,2.7509654574546354,96.40688762814771,INVESTIGATE,
3228,AnnualSalary,337808.0,121713.244092764,102440.0,76924.68668910056,2.809173039346996,99.01463123320394,INVESTIGATE,
3260,AnnualSalary,336033.2,121713.244092764,102440.0,76924.68668910056,2.786101122172045,97.9595899273415,INVESTIGATE,
3276,AnnualSalary,333003.2,121713.244092764,102440.0,76924.68668910056,2.7467119464676824,96.19787001094853,INVESTIGATE,
3281,AnnualSalary,334064.0,121713.244092764,102440.0,76924.68668910056,2.760502057882596,96.88464218174579,INVESTIGATE,
3285,AnnualSalary,337620.8,121713.244092764,102440.0,76924.68668910056,2.8067394902737757,98.94495869413755,INVESTIGATE,
3296,AnnualSalary,334604.8,121713.244092764,102440.0,76924.68668910056,2.7675323107607865,97.15337911814473,INVESTIGATE,
3308,AnnualSalary,339160.0,121713.244092764,102440.0,76924.68668910056,2.8267486715424734,99.68149696426795,INVESTIGATE,
3320,AnnualSalary,336164.8,121713.244092764,102440.0,76924.68668910056,2.787811886370953,98.0690753458744,INVESTIGATE,
3336,AnnualSalary,331214.4,121713.244092764,102440.0,76924.68668910056,2.723458033101358,95.4016124216184,INVESTIGATE,
3344,AnnualSalary,337059.2,121713.244092764,102440.0,76924.68668910056,2.7994388430541157,98.60654921867224,INVESTIGATE,
3352,AnnualSalary,335287.2,121713.244092764,102440.0,76924.68668910056,2.7764033251174394,97.56146113267641,INVESTIGATE,
3360,AnnualSalary,339222.4,121713.244092764,102440.0,76924.68668910056,2.8275598545668807,99.71135662386781,INVESTIGATE,
3366,AnnualSalary,332420.8,121713.244092764,102440.0,76924.68668910056,2.739140904906553,95.82960087588334,INVESTIGATE,
3416,AnnualSalary,331630.4,121713.244092764,102440.0,76924.68668910056,2.728865919930736,95.5509107196178,INVESTIGATE,
3422,AnnualSalary,330528.0,121713.244092764,102440.0,76924.68668910056,2.7145350198328844,95.07315616601971,INVESTIGATE,
3446,AnnualSalary,338224.0,121713.244092764,102440.0,76924.68668910056,2.8145809261763737,99.25350851000299,INVESTIGATE,
3464,AnnualSalary,335395.2,121713.244092764,102440.0,76924.68668910056,2.7778072957366047,97.63113367174282,INVESTIGATE,
3466,AnnualSalary,334417.6,121713.244092764,102440.0,76924.68668910056,2.7650987616875664,97.0339404797452,INVESTIGATE,
3498,AnnualSalary,335561.6,121713.244092764,102440.0,76924.68668910056,2.7799704504683556,97.69085299094257,INVESTIGATE,
3513,AnnualSalary,336705.6,121713.244092764,102440.0,76924.68668910056,2.7948421392491443,98.35771872200657,INVESTIGATE,
3521,AnnualSalary,334251.2,121713.244092764,102440.0,76924.68668910056,2.762935606955816,96.98417438041206,INVESTIGATE,
3542,AnnualSalary,330860.8,121713.244092764,102440.0,76924.68668910056,2.7188613292963866,95.19259480441923,INVESTIGATE,
3554,AnnualSalary,335249.6,121713.244092764,102440.0,76924.68668910056,2.775914535346322,97.52164825320992,INVESTIGATE,
3564,AnnualSalary,332025.6,121713.244092764,102440.0,76924.68668910056,2.734003412418644,95.69025579775057,INVESTIGATE,
3651,AnnualSalary,331568.0,121713.244092764,102440.0,76924.68668910056,2.728054736906329,95.54095749975117,INVESTIGATE,
3687,AnnualSalary,330112.0,121713.244092764,102440.0,76924.68668910056,2.7091271330035065,94.76460635015428,INVESTIGATE,
3700,AnnualSalary,338910.4,121713.244092764,102440.0,76924.68668910056,2.8235039394448473,99.60187120533493,INVESTIGATE,
3726,AnnualSalary,333710.4,121713.244092764,102440.0,76924.68668910056,2.755905354077625,96.68557778441325,INVESTIGATE,
3739,AnnualSalary,333648.0,121713.244092764,102440.0,76924.68668910056,2.755094171053218,96.65571812481338,INVESTIGATE,
3743,AnnualSalary,333440.0,121713.244092764,102440.0,76924.68668910056,2.752390227638529,96.54623270628048,INVESTIGATE,
3749,AnnualSalary,334708.8,121713.244092764,102440.0,76924.68668910056,2.768884282468131,97.22305165721112,INVESTIGATE,
3795,AnnualSalary,330985.6,121713.244092764,102440.0,76924.68668910056,2.7204836953452,95.27222056335223,INVESTIGATE,
3807,AnnualSalary,337516.8,121713.244092764,102440.0,76924.68668910056,2.805387518566431,98.84542649547129,INVESTIGATE,
3897,AnnualSalary,338952.0,121713.244092764,102440.0,76924.68668910056,2.8240447281277845,99.62177764506818,INVESTIGATE,
3927,AnnualSalary,336285.6,121713.244092764,102440.0,76924.68668910056,2.7893822535079456,98.10888822534089,INVESTIGATE,
3975,AnnualSalary,336913.6,121713.244092764,102440.0,76924.68668910056,2.797546082663833,98.53687667960585,INVESTIGATE,
3983,AnnualSalary,333148.8,121713.244092764,102440.0,76924.68668910056,2.7486047068579644,96.28744898974819,INVESTIGATE,
3985,AnnualSalary,337163.2,121713.244092764,102440.0,76924.68668910056,2.80079081476146,98.65631531800537,INVESTIGATE,
4005,AnnualSalary,337329.6,121713.244092764,102440.0,76924.68668910056,2.802953969493211,98.74589429680502,INVESTIGATE,
4033,AnnualSalary,332608.0,121713.244092764,102440.0,76924.68668910056,2.7415744539797733,95.93908629441624,INVESTIGATE,
4067,AnnualSalary,338744.0,121713.244092764,102440.0,76924.68668910056,2.8213407847130956,99.46252612720214,INVESTIGATE,
4124,AnnualSalary,333897.6,121713.244092764,102440.0,76924.68668910056,2.758338903150844,96.82492286254603,INVESTIGATE,
4143,AnnualSalary,333793.6,121713.244092764,102440.0,76924.68668910056,2.7569869314434996,96.79506320294615,INVESTIGATE,
4174,AnnualSalary,337516.8,121713.244092764,102440.0,76924.68668910056,2.805387518566431,98.84542649547129,INVESTIGATE,
4190,AnnualSalary,333232.0,121713.244092764,102440.0,76924.68668910056,2.74968628422384,96.32726186921468,INVESTIGATE,
4237,AnnualSalary,336123.2,121713.244092764,102440.0,76924.68668910056,2.787271097688016,98.05912212600776,INVESTIGATE,
4239,AnnualSalary,336809.6,121713.244092764,102440.0,76924.68668910056,2.7961941109564887,98.44729770080622,INVESTIGATE,
4242,AnnualSalary,339305.6,121713.244092764,102440.0,76924.68668910056,2.8286414319327555,99.76112272320096,INVESTIGATE,
4244,AnnualSalary,335249.6,121713.244092764,102440.0,76924.68668910056,2.775914535346322,97.52164825320992,INVESTIGATE,
4252,AnnualSalary,332420.8,121713.244092764,102440.0,76924.68668910056,2.739140904906553,95.82960087588334,INVESTIGATE,
4260,AnnualSalary,334126.4,121713.244092764,102440.0,76924.68668910056,2.7613132409070027,96.94436150094555,INVESTIGATE,
4276,AnnualSalary,338452.8,121713.244092764,102440.0,76924.68668910056,2.817555263932531,99.37294714840252,INVESTIGATE,
4294,AnnualSalary,339929.6,121713.244092764,102440.0,76924.68668910056,2.8367532621768223,99.98009356026675,INVESTIGATE,
4298,AnnualSalary,339014.4,121713.244092764,102440.0,76924.68668910056,2.824855911152192,99.64168408480143,INVESTIGATE,
4300,AnnualSalary,330112.0,121713.244092764,102440.0,76924.68668910056,2.7091271330035065,94.76460635015428,INVESTIGATE,
4303,AnnualSalary,336622.4,121713.244092764,102440.0,76924.68668910056,2.7937605618832695,98.30795262267344,INVESTIGATE,
4319,AnnualSalary,330424.0,121713.244092764,102440.0,76924.68668910056,2.71318304812554,95.00348362695333,INVESTIGATE,
4330,AnnualSalary,331755.2,121713.244092764,102440.0,76924.68668910056,2.730488285979549,95.63053647855081,INVESTIGATE,
4331,AnnualSalary,336643.2,121713.244092764,102440.0,76924.68668910056,2.7940309562247383,98.33781228227332,INVESTIGATE,
4357,AnnualSalary,289820.8,121713.244092764,102440.0,76924.68668910056,2.185352494013539,94.585448392555,INVESTIGATE,
4376,AnnualSalary,330590.4,121713.244092764,102440.0,76924.68668910056,2.7153462028572912,95.11296904548622,INVESTIGATE,
4421,AnnualSalary,333330.4,121713.244092764,102440.0,76924.68668910056,2.7509654574546354,96.40688762814771,INVESTIGATE,
4428,AnnualSalary,333668.8,121713.244092764,102440.0,76924.68668910056,2.7553645653946868,96.66567134468,INVESTIGATE,
4436,AnnualSalary,335956.8,121713.244092764,102440.0,76924.68668910056,2.7851079429562646,97.89987060814174,INVESTIGATE,
4466,AnnualSalary,334916.8,121713.244092764,102440.0,76924.68668910056,2.77158822588282,97.35244351547726,INVESTIGATE,
4476,AnnualSalary,332899.2,121713.244092764,102440.0,76924.68668910056,2.745359974760338,96.15805713148204,INVESTIGATE,
4483,AnnualSalary,337516.8,121713.244092764,102440.0,76924.68668910056,2.805387518566431,98.84542649547129,INVESTIGATE,
4498,AnnualSalary,330465.6,121713.244092764,102440.0,76924.68668910056,2.7137238368084775,95.04329650641982,INVESTIGATE,
4520,AnnualSalary,334854.4,121713.244092764,102440.0,76924.68668910056,2.7707770428584135,97.31263063601074,INVESTIGATE,
4532,AnnualSalary,337350.4,121713.244092764,102440.0,76924.68668910056,2.8032243638346803,98.75584751667165,INVESTIGATE,
4553,AnnualSalary,330403.2,121713.244092764,102440.0,76924.68668910056,2.712912653784071,94.96367074748682,INVESTIGATE,
4591,AnnualSalary,331068.8,121713.244092764,102440.0,76924.68668910056,2.7215652727110755,95.31203344281876,INVESTIGATE,
4592,AnnualSalary,334105.6,121713.244092764,102440.0,76924.68668910056,2.761042846565533,96.91450184134568,INVESTIGATE,
4600,AnnualSalary,330798.4,121713.244092764,102440.0,76924.68668910056,2.71805014627198,95.18264158455261,INVESTIGATE,
4658,AnnualSalary,330548.8,121713.244092764,102440.0,76924.68668910056,2.714805414174353,95.10301582561958,INVESTIGATE,
4695,AnnualSalary,337371.2,121713.244092764,102440.0,76924.68668910056,2.803494758176149,98.76580073653827,INVESTIGATE,
4704,AnnualSalary,337371.2,121713.244092764,102440.0,76924.68668910056,2.803494758176149,98.76580073653827,INVESTIGATE,
4732,AnnualSalary,334729.6,121713.244092764,102440.0,76924.68668910056,2.7691546768096,97.24295809694436,INVESTIGATE,
4750,AnnualSalary,333044.8,121713.244092764,102440.0,76924.68668910056,2.74725273515062,96.2177764506818,INVESTIGATE,
4780,AnnualSalary,339513.6,121713.244092764,102440.0,76924.68668910056,2.8313453753474445,99.80093560266747,INVESTIGATE,
4788,AnnualSalary,333086.4,121713.244092764,102440.0,76924.68668910056,2.747793523833558,96.2575893301483,INVESTIGATE,
4822,AnnualSalary,337808.0,121713.244092764,102440.0,76924.68668910056,2.809173039346996,99.01463123320394,INVESTIGATE,
4833,AnnualSalary,331068.8,121713.244092764,102440.0,76924.68668910056,2.7215652727110755,95.31203344281876,INVESTIGATE,
4834,AnnualSalary,335332.8,121713.244092764,102440.0,76924.68668910056,2.776996112712198,97.60127401214292,INVESTIGATE,
4863,AnnualSalary,339888.0,121713.244092764,102440.0,76924.68668910056,2.8362124734938847,99.96018712053349,INVESTIGATE,
4892,AnnualSalary,330278.4,121713.244092764,102440.0,76924.68668910056,2.7112902877352583,94.86413854882055,INVESTIGATE,
4941,AnnualSalary,331630.4,121713.244092764,102440.0,76924.68668910056,2.728865919930736,95.5509107196178,INVESTIGATE,
4998,AnnualSalary,336809.6,121713.244092764,102440.0,76924.68668910056,2.7961941109564887,98.44729770080622,INVESTIGATE,
5005,AnnualSalary,338140.8,121713.244092764,102440.0,76924.68668910056,2.813499348810498,99.2236488504031,INVESTIGATE,
5017,AnnualSalary,338328.0,121713.244092764,102440.0,76924.68668910056,2.815932897883718,99.33313426893599,INVESTIGATE,
5055,AnnualSalary,331333.6,121713.244092764,102440.0,76924.68668910056,2.7250076006736217,95.46133174081815,INVESTIGATE,
5060,AnnualSalary,334896.0,121713.244092764,102440.0,76924.68668910056,2.771317831541351,97.34249029561063,INVESTIGATE,
5069,AnnualSalary,335208.0,121713.244092764,102440.0,76924.68668910056,2.7753737466633845,97.48183537374341,INVESTIGATE,
5072,AnnualSalary,330153.6,121713.244092764,102440.0,76924.68668910056,2.709667921686444,94.79446600975415,INVESTIGATE,
5111,AnnualSalary,332857.6,121713.244092764,102440.0,76924.68668910056,2.7448191860774,96.12819747188215,INVESTIGATE,
5117,AnnualSalary,337724.8,121713.244092764,102440.0,76924.68668910056,2.80809146198112,98.98477157360406,INVESTIGATE,
5150,AnnualSalary,333731.2,121713.244092764,102440.0,76924.68668910056,2.7561757484190936,96.71543744401315,INVESTIGATE,
5160,AnnualSalary,330299.2,121713.244092764,102440.0,76924.68668910056,2.7115606820767266,94.8840449885538,INVESTIGATE,
5163,AnnualSalary,332046.4,121713.244092764,102440.0,76924.68668910056,2.734273806760114,95.71016223748383,INVESTIGATE,
5169,AnnualSalary,338494.4,121713.244092764,102440.0,76924.68668910056,2.8180960526154695,99.39285358813576,INVESTIGATE,
5174,AnnualSalary,339763.2,121713.244092764,102440.0,76924.68668910056,2.8345901074450714,99.90046780133373,INVESTIGATE,
5191,AnnualSalary,289820.8,121713.244092764,102440.0,76924.68668910056,2.185352494013539,94.585448392555,INVESTIGATE,
5203,AnnualSalary,336892.8,121713.244092764,102440.0,76924.68668910056,2.7972756883223644,98.5169702398726,INVESTIGATE,
5211,AnnualSalary,336976.0,121713.244092764,102440.0,76924.68668910056,2.79835726568824,98.55678311933912,INVESTIGATE,
5224,AnnualSalary,335249.6,121713.244092764,102440.0,76924.68668910056,2.775914535346322,97.52164825320992,INVESTIGATE,
5247,AnnualSalary,332067.2,121713.244092764,102440.0,76924.68668910056,2.7345442011015826,95.72011545735045,INVESTIGATE,
5252,AnnualSalary,338681.6,121713.244092764,102440.0,76924.68668910056,2.8205296016886887,99.43266646760227,INVESTIGATE,
5322,AnnualSalary,339784.0,121713.244092764,102440.0,76924.68668910056,2.8348605017865403,99.920374241067,INVESTIGATE,
5352,AnnualSalary,331692.8,121713.244092764,102440.0,76924.68668910056,2.729677102955142,95.5907235990843,INVESTIGATE,
5388,AnnualSalary,337308.8,121713.244092764,102440.0,76924.68668910056,2.8026835751517423,98.71603463720514,INVESTIGATE,
5426,AnnualSalary,333398.4,121713.244092764,102440.0,76924.68668910056,2.7518494389555914,96.52632626654723,INVESTIGATE,
5441,AnnualSalary,289966.4,121713.244092764,102440.0,76924.68668910056,2.187245254403822,94.665074151488,INVESTIGATE,
5481,AnnualSalary,337225.6,121713.244092764,102440.0,76924.68668910056,2.8016019977858666,98.666268537872,INVESTIGATE,
5537,AnnualSalary,337308.8,121713.244092764,102440.0,76924.68668910056,2.8026835751517423,98.71603463720514,INVESTIGATE,
5570,AnnualSalary,334105.6,121713.244092764,102440.0,76924.68668910056,2.761042846565533,96.91450184134568,INVESTIGATE,
5573,AnnualSalary,332524.8,121713.244092764,102440.0,76924.68668910056,2.7404928766138976,95.89927341494973,INVESTIGATE,
5581,AnnualSalary,333356.8,121713.244092764,102440.0,76924.68668910056,2.7513086502726534,96.45665372748084,INVESTIGATE,
5585,AnnualSalary,330507.2,121713.244092764,102440.0,76924.68668910056,2.7142646254914156,95.06320294615308,INVESTIGATE,
5602,AnnualSalary,334542.4,121713.244092764,102440.0,76924.68668910056,2.7667211277363806,97.09365979894496,INVESTIGATE,
5605,AnnualSalary,338057.6,121713.244092764,102440.0,76924.68668910056,2.812417771444622,99.17388275106998,INVESTIGATE,
5626,AnnualSalary,332420.8,121713.244092764,102440.0,76924.68668910056,2.739140904906553,95.82960087588334,INVESTIGATE,
5654,AnnualSalary,337620.8,121713.244092764,102440.0,76924.68668910056,2.8067394902737757,98.94495869413755,INVESTIGATE,
5667,AnnualSalary,337891.2,121713.244092764,102440.0,76924.68668910056,2.8102546167128715,99.08430377227033,INVESTIGATE,
5675,AnnualSalary,333606.4,121713.244092764,102440.0,76924.68668910056,2.7545533823702804,96.63581168508011,INVESTIGATE,
5684,AnnualSalary,334958.4,121713.244092764,102440.0,76924.68668910056,2.772129014565758,97.38230317507714,INVESTIGATE,
5693,AnnualSalary,337017.6,121713.244092764,102440.0,76924.68668910056,2.7988980543711777,98.58664277893898,INVESTIGATE,
5713,AnnualSalary,332332.0,121713.244092764,102440.0,76924.68668910056,2.7379865290641283,95.76988155668359,INVESTIGATE,
5757,AnnualSalary,332670.4,121713.244092764,102440.0,76924.68668910056,2.74238563700418,95.96894595401612,INVESTIGATE,
5765,AnnualSalary,338702.4,121713.244092764,102440.0,76924.68668910056,2.8207999960301584,99.45257290733552,INVESTIGATE,
5775,AnnualSalary,331796.8,121713.244092764,102440.0,76924.68668910056,2.7310290746624863,95.67034935801732,INVESTIGATE,
5795,AnnualSalary,337953.6,121713.244092764,102440.0,76924.68668910056,2.811065799737278,99.12411665173684,INVESTIGATE,
5814,AnnualSalary,338744.0,121713.244092764,102440.0,76924.68668910056,2.8213407847130956,99.46252612720214,INVESTIGATE,
5823,AnnualSalary,338598.4,121713.244092764,102440.0,76924.68668910056,2.819448024322814,99.41276002786901,INVESTIGATE,
5876,AnnualSalary,337412.8,121713.244092764,102440.0,76924.68668910056,2.8040355468590867,98.80561361600478,INVESTIGATE,
5884,AnnualSalary,333148.8,121713.244092764,102440.0,76924.68668910056,2.7486047068579644,96.28744898974819,INVESTIGATE,
5888,AnnualSalary,339280.8,121713.244092764,102440.0,76924.68668910056,2.828319038679466,99.73126306360108,INVESTIGATE,
5910,AnnualSalary,336726.4,121713.244092764,102440.0,76924.68668910056,2.795112533590614,98.38757838160645,INVESTIGATE,
5917,AnnualSalary,289612.8,121713.244092764,102440.0,76924.68668910056,2.18264855059885,94.49586941375536,INVESTIGATE,
5918,AnnualSalary,330236.8,121713.244092764,102440.0,76924.68668910056,2.7107494990523198,94.82432566935404,INVESTIGATE,
5926,AnnualSalary,333752.0,121713.244092764,102440.0,76924.68668910056,2.7564461427605624,96.74529710361301,INVESTIGATE,
5940,AnnualSalary,335478.4,121713.244092764,102440.0,76924.68668910056,2.7788888731024803,97.64108689160945,INVESTIGATE,
5947,AnnualSalary,332608.0,121713.244092764,102440.0,76924.68668910056,2.7415744539797733,95.93908629441624,INVESTIGATE,
5975,AnnualSalary,339908.8,121713.244092764,102440.0,76924.68668910056,2.8364828678353535,99.97014034040012,INVESTIGATE,
5980,AnnualSalary,339097.6,121713.244092764,102440.0,76924.68668910056,2.8259374885180666,99.67154374440132,INVESTIGATE,
6020,AnnualSalary,335915.2,121713.244092764,102440.0,76924.68668910056,2.784567154273327,97.87996416840848,INVESTIGATE,
6052,AnnualSalary,289550.4,121713.244092764,102440.0,76924.68668910056,2.181837367574444,94.45605653428885,INVESTIGATE,
6074,AnnualSalary,336705.6,121713.244092764,102440.0,76924.68668910056,2.7948421392491443,98.35771872200657,INVESTIGATE,
6078,AnnualSalary,330424.0,121713.244092764,102440.0,76924.68668910056,2.71318304812554,95.00348362695333,INVESTIGATE,
6096,AnnualSalary,337308.8,121713.244092764,102440.0,76924.68668910056,2.8026835751517423,98.71603463720514,INVESTIGATE,
6120,AnnualSalary,337870.4,121713.244092764,102440.0,76924.68668910056,2.8099842223714027,99.06439733253708,INVESTIGATE,
6127,AnnualSalary,335561.6,121713.244092764,102440.0,76924.68668910056,2.7799704504683556,97.69085299094257,INVESTIGATE,
6149,AnnualSalary,337870.4,121713.244092764,102440.0,76924.68668910056,2.8099842223714027,99.06439733253708,INVESTIGATE,
6156,AnnualSalary,332753.6,121713.244092764,102440.0,76924.68668910056,2.7434672143700554,96.00875883348263,INVESTIGATE,
6221,AnnualSalary,333294.4,121713.244092764,102440.0,76924.68668910056,2.750497467248247,96.35712152881457,INVESTIGATE,
6232,AnnualSalary,335228.8,121713.244092764,102440.0,76924.68668910056,2.7756441410048533,97.50174181347666,INVESTIGATE,
6234,AnnualSalary,337225.6,121713.244092764,102440.0,76924.68668910056,2.8016019977858666,98.666268537872,INVESTIGATE,
6243,AnnualSalary,337475.2,121713.244092764,102440.0,76924.68668910056,2.8048467298834936,98.82552005573804,INVESTIGATE,
6267,AnnualSalary,338744.0,121713.244092764,102440.0,76924.68668910056,2.8213407847130956,99.46252612720214,INVESTIGATE,
6284,AnnualSalary,332774.4,121713.244092764,102440.0,76924.68668910056,2.7437376087115246,96.04857171294914,INVESTIGATE,
6319,AnnualSalary,339035.2,121713.244092764,102440.0,76924.68668910056,2.82512630549366,99.65163730466806,INVESTIGATE,
6360,AnnualSalary,333363.2,121713.244092764,102440.0,76924.68668910056,2.751391848531567,96.48651338708072,INVESTIGATE,
6362,AnnualSalary,337849.6,121713.244092764,102440.0,76924.68668910056,2.8097138280299334,99.04449089280382,INVESTIGATE,
6376,AnnualSalary,332732.8,121713.244092764,102440.0,76924.68668910056,2.7431968200285866,95.998805613616,INVESTIGATE,
6426,AnnualSalary,333752.0,121713.244092764,102440.0,76924.68668910056,2.7564461427605624,96.74529710361301,INVESTIGATE,
6439,AnnualSalary,332379.2,121713.244092764,102440.0,76924.68668910056,2.7386001162236155,95.79974121628346,INVESTIGATE,
6462,AnnualSalary,336285.6,121713.244092764,102440.0,76924.68668910056,2.7893822535079456,98.10888822534089,INVESTIGATE,
6464,AnnualSalary,330403.2,121713.244092764,102440.0,76924.68668910056,2.712912653784071,94.96367074748682,INVESTIGATE,
6484,AnnualSalary,334500.8,121713.244092764,102440.0,76924.68668910056,2.766180339053442,97.07375335921171,INVESTIGATE,
6490,AnnualSalary,333897.6,121713.244092764,102440.0,76924.68668910056,2.758338903150844,96.82492286254603,INVESTIGATE,
6496,AnnualSalary,335790.4,121713.244092764,102440.0,76924.68668910056,2.7829447882245137,97.81029162934209,INVESTIGATE,
6498,AnnualSalary,337932.8,121713.244092764,102440.0,76924.68668910056,2.810795405395809,99.11416343187021,INVESTIGATE,
6544,AnnualSalary,336809.6,121713.244092764,102440.0,76924.68668910056,2.7961941109564887,98.44729770080622,INVESTIGATE,
6563,AnnualSalary,332441.6,121713.244092764,102440.0,76924.68668910056,2.739411299248022,95.85946053548324,INVESTIGATE,
6567,AnnualSalary,336285.6,121713.244092764,102440.0,76924.68668910056,2.7893822535079456,98.10888822534089,INVESTIGATE,
6569,AnnualSalary,335353.6,121713.244092764,102440.0,76924.68668910056,2.7772665070536666,97.61122723200955,INVESTIGATE,
6573,AnnualSalary,330008.0,121713.244092764,102440.0,76924.68668910056,2.707775161296162,94.71484025082114,INVESTIGATE,
6575,AnnualSalary,335790.4,121713.244092764,102440.0,76924.68668910056,2.7829447882245137,97.81029162934209,INVESTIGATE,
6599,AnnualSalary,335104.0,121713.244092764,102440.0,76924.68668910056,2.77402177495604,97.43206927441027,INVESTIGATE,
6600,AnnualSalary,335104.0,121713.244092764,102440.0,76924.68668910056,2.77402177495604,97.43206927441027,INVESTIGATE,
6608,AnnualSalary,338827.2,121713.244092764,102440.0,76924.68668910056,2.8224223620789717,99.53219866626853,INVESTIGATE,
6623,AnnualSalary,335104.0,121713.244092764,102440.0,76924.68668910056,2.77402177495604,97.43206927441027,INVESTIGATE,
6626,AnnualSalary,335665.6,121713.244092764,102440.0,76924.68668910056,2.7813224221757,97.7704787498756,INVESTIGATE,
6634,AnnualSalary,338494.4,121713.244092764,102440.0,76924.68668910056,2.8180960526154695,99.39285358813576,INVESTIGATE,
6663,AnnualSalary,330444.8,121713.244092764,102440.0,76924.68668910056,2.7134534424670087,95.02339006668657,INVESTIGATE,
6731,AnnualSalary,333897.6,121713.244092764,102440.0,76924.68668910056,2.758338903150844,96.82492286254603,INVESTIGATE,
6732,AnnualSalary,336622.4,121713.244092764,102440.0,76924.68668910056,2.7937605618832695,98.30795262267344,INVESTIGATE,
6753,AnnualSalary,336248.0,121713.244092764,102440.0,76924.68668910056,2.7888934637368292,98.07902856574103,INVESTIGATE,
6783,AnnualSalary,330299.2,121713.244092764,102440.0,76924.68668910056,2.7115606820767266,94.8840449885538,INVESTIGATE,
6796,AnnualSalary,339472.0,121713.244092764,102440.0,76924.68668910056,2.830804586664507,99.79098238280085,INVESTIGATE,
6798,AnnualSalary,333752.0,121713.244092764,102440.0,76924.68668910056,2.7564461427605624,96.74529710361301,INVESTIGATE,
6828,AnnualSalary,337600.0,121713.244092764,102440.0,76924.68668910056,2.806469095932307,98.93500547427094,INVESTIGATE,
6832,AnnualSalary,333232.0,121713.244092764,102440.0,76924.68668910056,2.74968628422384,96.32726186921468,INVESTIGATE,
6858,AnnualSalary,330278.4,121713.244092764,102440.0,76924.68668910056,2.7112902877352583,94.86413854882055,INVESTIGATE,
6875,AnnualSalary,339534.4,121713.244092764,102440.0,76924.68668910056,2.8316157696889137,99.82084204240071,INVESTIGATE,
6883,AnnualSalary,339409.6,121713.244092764,102440.0,76924.68668910056,2.8299934036401,99.77107594306757,INVESTIGATE,
6886,AnnualSalary,289820.8,121713.244092764,102440.0,76924.68668910056,2.185352494013539,94.585448392555,INVESTIGATE,
6894,AnnualSalary,337766.4,121713.244092764,102440.0,76924.68668910056,2.808632250664058,99.00467801333731,INVESTIGATE,
6903,AnnualSalary,338369.6,121713.244092764,102440.0,76924.68668910056,2.8164736865666553,99.34308748880262,INVESTIGATE,
6904,AnnualSalary,331068.8,121713.244092764,102440.0,76924.68668910056,2.7215652727110755,95.31203344281876,INVESTIGATE,
6906,AnnualSalary,335540.8,121713.244092764,102440.0,76924.68668910056,2.7797000561268868,97.67094655120931,INVESTIGATE,
6916,AnnualSalary,289820.8,121713.244092764,102440.0,76924.68668910056,2.185352494013539,94.585448392555,INVESTIGATE,
6917,AnnualSalary,332025.6,121713.244092764,102440.0,76924.68668910056,2.734003412418644,95.69025579775057,INVESTIGATE,
6926,AnnualSalary,335624.0,121713.244092764,102440.0,76924.68668910056,2.7807816334927624,97.72071265054245,INVESTIGATE,
6936,AnnualSalary,336352.0,121713.244092764,102440.0,76924.68668910056,2.7902454354441737,98.20842042400717,INVESTIGATE,
6944,AnnualSalary,330694.4,121713.244092764,102440.0,76924.68668910056,2.7166981745646357,95.15278192495272,INVESTIGATE,
6954,AnnualSalary,334854.4,121713.244092764,102440.0,76924.68668910056,2.7707770428584135,97.31263063601074,INVESTIGATE,
6961,AnnualSalary,332545.6,121713.244092764,102440.0,76924.68668910056,2.7407632709553664,95.919179854683,INVESTIGATE,
6971,AnnualSalary,336331.2,121713.244092764,102440.0,76924.68668910056,2.789975041102705,98.17856076440728,INVESTIGATE,
7003,AnnualSalary,337558.4,121713.244092764,102440.0,76924.68668910056,2.8059283072493693,98.91509903453766,INVESTIGATE,
7011,AnnualSalary,336033.2,121713.244092764,102440.0,76924.68668910056,2.786101122172045,97.9595899273415,INVESTIGATE,
7030,AnnualSalary,330361.6,121713.244092764,102440.0,76924.68668910056,2.712371865101133,94.9238578680203,INVESTIGATE,
7085,AnnualSalary,334833.6,121713.244092764,102440.0,76924.68668910056,2.7705066485169443,97.30267741614412,INVESTIGATE,
7101,AnnualSalary,338848.0,121713.244092764,102440.0,76924.68668910056,2.82269275642044,99.56205832586842,INVESTIGATE,
7122,AnnualSalary,337100.8,121713.244092764,102440.0,76924.68668910056,2.7999796317370533,98.6264556584055,INVESTIGATE,
7134,AnnualSalary,334500.8,121713.244092764,102440.0,76924.68668910056,2.766180339053442,97.07375335921171,INVESTIGATE,
7146,AnnualSalary,289529.6,121713.244092764,102440.0,76924.68668910056,2.1815669732329743,94.44610331442222,INVESTIGATE,
7160,AnnualSalary,330528.0,121713.244092764,102440.0,76924.68668910056,2.7145350198328844,95.07315616601971,INVESTIGATE,
7168,AnnualSalary,338785.6,121713.244092764,102440.0,76924.68668910056,2.821881573396033,99.49238578680203,INVESTIGATE,
7174,AnnualSalary,334313.6,121713.244092764,102440.0,76924.68668910056,2.763746789980222,97.00408082014532,INVESTIGATE,
7182,AnnualSalary,337828.8,121713.244092764,102440.0,76924.68668910056,2.8094434336884646,99.03453767293719,INVESTIGATE,
7200,AnnualSalary,337284.0,121713.244092764,102440.0,76924.68668910056,2.8023611818984526,98.70608141733851,INVESTIGATE,
7234,AnnualSalary,335228.8,121713.244092764,102440.0,76924.68668910056,2.7756441410048533,97.50174181347666,INVESTIGATE,
7238,AnnualSalary,335374.4,121713.244092764,102440.0,76924.68668910056,2.777536901395136,97.62118045187617,INVESTIGATE,
7252,AnnualSalary,338282.4,121713.244092764,102440.0,76924.68668910056,2.8153401102889597,99.27341494973624,INVESTIGATE,
7260,AnnualSalary,332004.8,121713.244092764,102440.0,76924.68668910056,2.7337330180771753,95.68030257788395,INVESTIGATE,
7266,AnnualSalary,335644.8,121713.244092764,102440.0,76924.68668910056,2.781052027834231,97.7406190902757,INVESTIGATE,
7288,AnnualSalary,289488.0,121713.244092764,102440.0,76924.68668910056,2.181026184550037,94.42619687468896,INVESTIGATE,
7298,AnnualSalary,333835.2,121713.244092764,102440.0,76924.68668910056,2.757527720126438,96.8149696426794,INVESTIGATE,
7324,AnnualSalary,338827.2,121713.244092764,102440.0,76924.68668910056,2.8224223620789717,99.53219866626853,INVESTIGATE,
7338,AnnualSalary,330236.8,121713.244092764,102440.0,76924.68668910056,2.7107494990523198,94.82432566935404,INVESTIGATE,
7344,AnnualSalary,289904.0,121713.244092764,102440.0,76924.68668910056,2.1864340713794146,94.64516771175475,INVESTIGATE,
7362,AnnualSalary,331131.2,121713.244092764,102440.0,76924.68668910056,2.7223764557354824,95.35184632228525,INVESTIGATE,
7364,AnnualSalary,335540.8,121713.244092764,102440.0,76924.68668910056,2.7797000561268868,97.67094655120931,INVESTIGATE,
7378,AnnualSalary,289696.0,121713.244092764,102440.0,76924.68668910056,2.1837301279647257,94.52572907335524,INVESTIGATE,
7390,AnnualSalary,335249.6,121713.244092764,102440.0,76924.68668910056,2.775914535346322,97.52164825320992,INVESTIGATE,
7419,AnnualSalary,338099.2,121713.244092764,102440.0,76924.68668910056,2.8129585601275604,99.1838359709366,INVESTIGATE,
7428,AnnualSalary,337516.8,121713.244092764,102440.0,76924.68668910056,2.805387518566431,98.84542649547129,INVESTIGATE,
7432,AnnualSalary,332379.2,121713.244092764,102440.0,76924.68668910056,2.7386001162236155,95.79974121628346,INVESTIGATE,
7459,AnnualSalary,335748.8,121713.244092764,102440.0,76924.68668910056,2.7824039995415757,97.78043196974221,INVESTIGATE,
7514,AnnualSalary,337558.4,121713.244092764,102440.0,76924.68668910056,2.8059283072493693,98.91509903453766,INVESTIGATE,
7532,AnnualSalary,331328.4,121713.244092764,102440.0,76924.68668910056,2.724940002088255,95.4414253010849,INVESTIGATE,
7549,AnnualSalary,338016.0,121713.244092764,102440.0,76924.68668910056,2.8118769827616847,99.16392953120334,INVESTIGATE,
7558,AnnualSalary,337641.6,121713.244092764,102440.0,76924.68668910056,2.8070098846152445,98.9648651338708,INVESTIGATE,
7575,AnnualSalary,337516.8,121713.244092764,102440.0,76924.68668910056,2.805387518566431,98.84542649547129,INVESTIGATE,
7597,AnnualSalary,330860.8,121713.244092764,102440.0,76924.68668910056,2.7188613292963866,95.19259480441923,INVESTIGATE,
7653,AnnualSalary,289550.4,121713.244092764,102440.0,76924.68668910056,2.181837367574444,94.45605653428885,INVESTIGATE,
7667,AnnualSalary,335894.4,121713.244092764,102440.0,76924.68668910056,2.784296759931858,97.86005772867523,INVESTIGATE,
7694,AnnualSalary,331152.0,121713.244092764,102440.0,76924.68668910056,2.722646850076951,95.36179954215189,INVESTIGATE,
7709,AnnualSalary,330902.4,121713.244092764,102440.0,76924.68668910056,2.7194021179793246,95.22245446401911,INVESTIGATE,
7710,AnnualSalary,336747.2,121713.244092764,102440.0,76924.68668910056,2.7953829279320828,98.40748482133971,INVESTIGATE,
7748,AnnualSalary,334584.0,121713.244092764,102440.0,76924.68668910056,2.7672619164193177,97.13347267841147,INVESTIGATE,
7783,AnnualSalary,289633.6,121713.244092764,102440.0,76924.68668910056,2.182918944940319,94.50582263362197,INVESTIGATE,
7799,AnnualSalary,339280.8,121713.244092764,102440.0,76924.68668910056,2.828319038679466,99.73126306360108,INVESTIGATE,
7835,AnnualSalary,336331.2,121713.244092764,102440.0,76924.68668910056,2.789975041102705,98.17856076440728,INVESTIGATE,
7847,AnnualSalary,331755.2,121713.244092764,102440.0,76924.68668910056,2.730488285979549,95.63053647855081,INVESTIGATE,
7903,AnnualSalary,338282.4,121713.244092764,102440.0,76924.68668910056,2.8153401102889597,99.27341494973624,INVESTIGATE,
7909,AnnualSalary,339513.6,121713.244092764,102440.0,76924.68668910056,2.8313453753474445,99.80093560266747,INVESTIGATE,
7922,AnnualSalary,330382.4,121713.244092764,102440.0,76924.68668910056,2.7126422594426023,94.94376430775355,INVESTIGATE,
7930,AnnualSalary,331651.2,121713.244092764,102440.0,76924.68668910056,2.7291363142722047,95.57081715935105,INVESTIGATE,
7938,AnnualSalary,335166.4,121713.244092764,102440.0,76924.68668910056,2.774832957980447,97.47188215387678,INVESTIGATE,
7955,AnnualSalary,335790.4,121713.244092764,102440.0,76924.68668910056,2.7829447882245137,97.81029162934209,INVESTIGATE,
7991,AnnualSalary,335790.4,121713.244092764,102440.0,76924.68668910056,2.7829447882245137,97.81029162934209,INVESTIGATE,
8026,AnnualSalary,330486.4,121713.244092764,102440.0,76924.68668910056,2.7139942311499468,95.05324972628645,INVESTIGATE,
8037,AnnualSalary,333148.8,121713.244092764,102440.0,76924.68668910056,2.7486047068579644,96.28744898974819,INVESTIGATE,
8082,AnnualSalary,330652.8,121713.244092764,102440.0,76924.68668910056,2.7161573858816976,95.12292226535284,INVESTIGATE,
8099,AnnualSalary,335478.4,121713.244092764,102440.0,76924.68668910056,2.7788888731024803,97.64108689160945,INVESTIGATE,
8112,AnnualSalary,289550.4,121713.244092764,102440.0,76924.68668910056,2.181837367574444,94.45605653428885,INVESTIGATE,
8127,AnnualSalary,289488.0,121713.244092764,102440.0,76924.68668910056,2.181026184550037,94.42619687468896,INVESTIGATE,
8146,AnnualSalary,331713.6,121713.244092764,102440.0,76924.68668910056,2.7299474972966107,95.60067681895093,INVESTIGATE,
8166,AnnualSalary,338120.0,121713.244092764,102440.0,76924.68668910056,2.813228954469029,99.21369563053648,INVESTIGATE,
8175,AnnualSalary,333321.6,121713.244092764,102440.0,76924.68668910056,2.7508510598486287,96.38698118841445,INVESTIGATE,
8204,AnnualSalary,333731.2,121713.244092764,102440.0,76924.68668910056,2.7561757484190936,96.71543744401315,INVESTIGATE,
8226,AnnualSalary,336976.0,121713.244092764,102440.0,76924.68668910056,2.79835726568824,98.55678311933912,INVESTIGATE,
8257,AnnualSalary,330736.0,121713.244092764,102440.0,76924.68668910056,2.7172389632475733,95.16273514481935,INVESTIGATE,
8278,AnnualSalary,331110.4,121713.244092764,102440.0,76924.68668910056,2.7221060613940136,95.34189310241862,INVESTIGATE,
8321,AnnualSalary,337142.4,121713.244092764,102440.0,76924.68668910056,2.8005204204199914,98.64636209813875,INVESTIGATE,
8362,AnnualSalary,333044.8,121713.244092764,102440.0,76924.68668910056,2.74725273515062,96.2177764506818,INVESTIGATE,
8370,AnnualSalary,337662.4,121713.244092764,102440.0,76924.68668910056,2.8072802789567137,98.97481835373743,INVESTIGATE,
8374,AnnualSalary,336528.4,121713.244092764,102440.0,76924.68668910056,2.792538587455477,98.27809296307355,INVESTIGATE,
8376,AnnualSalary,336102.4,121713.244092764,102440.0,76924.68668910056,2.787000703346547,98.04916890614113,INVESTIGATE,
8378,AnnualSalary,334480.0,121713.244092764,102440.0,76924.68668910056,2.7659099447119733,97.05384691947845,INVESTIGATE,
8392,AnnualSalary,289716.8,121713.244092764,102440.0,76924.68668910056,2.1840005223061945,94.54563551308848,INVESTIGATE,
8428,AnnualSalary,338140.8,121713.244092764,102440.0,76924.68668910056,2.813499348810498,99.2236488504031,INVESTIGATE,
8486,AnnualSalary,333294.4,121713.244092764,102440.0,76924.68668910056,2.750497467248247,96.35712152881457,INVESTIGATE,
8487,AnnualSalary,332880.0,121713.244092764,102440.0,76924.68668910056,2.7451103799835974,96.14810391161541,INVESTIGATE,
8494,AnnualSalary,336285.6,121713.244092764,102440.0,76924.68668910056,2.7893822535079456,98.10888822534089,INVESTIGATE,
8526,AnnualSalary,331526.4,121713.244092764,102440.0,76924.68668910056,2.7275139482233914,95.52105106001791,INVESTIGATE,
8585,AnnualSalary,331172.8,121713.244092764,102440.0,76924.68668910056,2.72291724441842,95.37175276201852,INVESTIGATE,
8587,AnnualSalary,336310.4,121713.244092764,102440.0,76924.68668910056,2.789704646761236,98.16860754454065,INVESTIGATE,
8650,AnnualSalary,337912.0,121713.244092764,102440.0,76924.68668910056,2.8105250110543403,99.10421021200358,INVESTIGATE,
8691,AnnualSalary,339284.8,121713.244092764,102440.0,76924.68668910056,2.8283710375912867,99.75116950333432,INVESTIGATE,
8707,AnnualSalary,333564.8,121713.244092764,102440.0,76924.68668910056,2.7540125936873423,96.60595202548025,INVESTIGATE,
8756,AnnualSalary,336081.6,121713.244092764,102440.0,76924.68668910056,2.7867303090050775,98.01930924654125,INVESTIGATE,
8766,AnnualSalary,339243.2,121713.244092764,102440.0,76924.68668910056,2.827830248908349,99.72130984373445,INVESTIGATE,
8787,AnnualSalary,338286.4,121713.244092764,102440.0,76924.68668910056,2.8153921092007805,99.2933213894695,INVESTIGATE,
8794,AnnualSalary,289966.4,121713.244092764,102440.0,76924.68668910056,2.187245254403822,94.665074151488,INVESTIGATE,
8811,AnnualSalary,330403.2,121713.244092764,102440.0,76924.68668910056,2.712912653784071,94.96367074748682,INVESTIGATE,
8821,AnnualSalary,337246.4,121713.244092764,102440.0,76924.68668910056,2.801872392127336,98.68617497760526,INVESTIGATE,
8838,AnnualSalary,332816.0,121713.244092764,102440.0,76924.68668910056,2.744278397394462,96.1082910321489,INVESTIGATE,
8841,AnnualSalary,336040.0,121713.244092764,102440.0,76924.68668910056,2.7861895203221403,97.98944958694138,INVESTIGATE,
8854,AnnualSalary,331776.0,121713.244092764,102440.0,76924.68668910056,2.730758680321018,95.65044291828406,INVESTIGATE,
8863,AnnualSalary,333564.8,121713.244092764,102440.0,76924.68668910056,2.7540125936873423,96.60595202548025,INVESTIGATE,
8864,AnnualSalary,335769.6,121713.244092764,102440.0,76924.68668910056,2.7826743938830445,97.80033840947546,INVESTIGATE,
8866,AnnualSalary,334313.6,121713.244092764,102440.0,76924.68668910056,2.763746789980222,97.00408082014532,INVESTIGATE,
8870,AnnualSalary,333128.0,121713.244092764,102440.0,76924.68668910056,2.7483343125164956,96.26754255001492,INVESTIGATE,
8893,AnnualSalary,335561.6,121713.244092764,102440.0,76924.68668910056,2.7799704504683556,97.69085299094257,INVESTIGATE,
8919,AnnualSalary,335478.4,121713.244092764,102440.0,76924.68668910056,2.7788888731024803,97.64108689160945,INVESTIGATE,
8946,AnnualSalary,332774.4,121713.244092764,102440.0,76924.68668910056,2.7437376087115246,96.04857171294914,INVESTIGATE,
8955,AnnualSalary,337974.4,121713.244092764,102440.0,76924.68668910056,2.811336194078747,99.13406987160346,INVESTIGATE,
8956,AnnualSalary,336081.6,121713.244092764,102440.0,76924.68668910056,2.7867303090050775,98.01930924654125,INVESTIGATE,
8987,AnnualSalary,330112.0,121713.244092764,102440.0,76924.68668910056,2.7091271330035065,94.76460635015428,INVESTIGATE,
9023,AnnualSalary,332795.2,121713.244092764,102440.0,76924.68668910056,2.7440080030529934,96.07843137254902,INVESTIGATE,
9030,AnnualSalary,334542.4,121713.244092764,102440.0,76924.68668910056,2.7667211277363806,97.09365979894496,INVESTIGATE,
9033,AnnualSalary,334729.6,121713.244092764,102440.0,76924.68668910056,2.7691546768096,97.24295809694436,INVESTIGATE,
9036,AnnualSalary,334459.2,121713.244092764,102440.0,76924.68668910056,2.765639550370505,97.04389369961183,INVESTIGATE,
9072,AnnualSalary,332441.6,121713.244092764,102440.0,76924.68668910056,2.739411299248022,95.85946053548324,INVESTIGATE,
9089,AnnualSalary,333710.4,121713.244092764,102440.0,76924.68668910056,2.755905354077625,96.68557778441325,INVESTIGATE,
9092,AnnualSalary,330736.0,121713.244092764,102440.0,76924.68668910056,2.7172389632475733,95.16273514481935,INVESTIGATE,
9093,AnnualSalary,331443.2,121713.244092764,102440.0,76924.68668910056,2.7264323708575158,95.48123818055141,INVESTIGATE,
9101,AnnualSalary,338099.2,121713.244092764,102440.0,76924.68668910056,2.8129585601275604,99.1838359709366,INVESTIGATE,
9114,AnnualSalary,334043.2,121713.244092764,102440.0,76924.68668910056,2.760231663541127,96.87468896187916,INVESTIGATE,
9165,AnnualSalary,337995.2,121713.244092764,102440.0,76924.68668910056,2.811606588420216,99.14402309147009,INVESTIGATE,
9180,AnnualSalary,333460.8,121713.244092764,102440.0,76924.68668910056,2.752660621979998,96.56613914601374,INVESTIGATE,
9187,AnnualSalary,336788.8,121713.244092764,102440.0,76924.68668910056,2.79592371661502,98.43734448093959,INVESTIGATE,
9230,AnnualSalary,335062.4,121713.244092764,102440.0,76924.68668910056,2.7734809862731025,97.41216283467702,INVESTIGATE,
9235,AnnualSalary,331672.0,121713.244092764,102440.0,76924.68668910056,2.7294067086136735,95.58077037921767,INVESTIGATE,
9237,AnnualSalary,338633.2,121713.244092764,102440.0,76924.68668910056,2.8199004148556557,99.42271324773564,INVESTIGATE,
9258,AnnualSalary,331547.2,121713.244092764,102440.0,76924.68668910056,2.7277843425648602,95.53100427988454,INVESTIGATE,
9265,AnnualSalary,330944.0,121713.244092764,102440.0,76924.68668910056,2.7199429066622622,95.23240768388574,INVESTIGATE,
9273,AnnualSalary,334625.6,121713.244092764,102440.0,76924.68668910056,2.7678027051022553,97.16333233801134,INVESTIGATE,
9280,AnnualSalary,330944.0,121713.244092764,102440.0,76924.68668910056,2.7199429066622622,95.23240768388574,INVESTIGATE,
9293,AnnualSalary,336040.0,121713.244092764,102440.0,76924.68668910056,2.7861895203221403,97.98944958694138,INVESTIGATE,
9296,AnnualSalary,339160.0,121713.244092764,102440.0,76924.68668910056,2.8267486715424734,99.68149696426795,INVESTIGATE,
9299,AnnualSalary,334667.2,121713.244092764,102440.0,76924.68668910056,2.7683434937851934,97.19319199761122,INVESTIGATE,
9303,AnnualSalary,337891.2,121713.244092764,102440.0,76924.68668910056,2.8102546167128715,99.08430377227033,INVESTIGATE,
9306,AnnualSalary,336372.8,121713.244092764,102440.0,76924.68668910056,2.790515829785642,98.22832686374042,INVESTIGATE,
9324,AnnualSalary,337121.6,121713.244092764,102440.0,76924.68668910056,2.800250026078522,98.63640887827212,INVESTIGATE,
9362,AnnualSalary,332332.0,121713.244092764,102440.0,76924.68668910056,2.7379865290641283,95.76988155668359,INVESTIGATE,
9368,AnnualSalary,333440.0,121713.244092764,102440.0,76924.68668910056,2.752390227638529,96.54623270628048,INVESTIGATE,
9419,AnnualSalary,334854.4,121713.244092764,102440.0,76924.68668910056,2.7707770428584135,97.31263063601074,INVESTIGATE,
9423,AnnualSalary,336528.4,121713.244092764,102440.0,76924.68668910056,2.792538587455477,98.27809296307355,INVESTIGATE,
9428,AnnualSalary,335894.4,121713.244092764,102440.0,76924.68668910056,2.784296759931858,97.86005772867523,INVESTIGATE,
9440,AnnualSalary,330049.6,121713.244092764,102440.0,76924.68668910056,2.7083159499790996,94.74469991042102,INVESTIGATE,
9465,AnnualSalary,336352.0,121713.244092764,102440.0,76924.68668910056,2.7902454354441737,98.20842042400717,INVESTIGATE,
9474,AnnualSalary,338244.8,121713.244092764,102440.0,76924.68668910056,2.8148513205178425,99.26346172986962,INVESTIGATE,
9489,AnnualSalary,334667.2,121713.244092764,102440.0,76924.68668910056,2.7683434937851934,97.19319199761122,INVESTIGATE,
9496,AnnualSalary,332524.8,121713.244092764,102440.0,76924.68668910056,2.7404928766138976,95.89927341494973,INVESTIGATE,
9505,AnnualSalary,331734.4,121713.244092764,102440.0,76924.68668910056,2.7302178916380804,95.61063003881756,INVESTIGATE,
9530,AnnualSalary,289550.4,121713.244092764,102440.0,76924.68668910056,2.181837367574444,94.45605653428885,INVESTIGATE,
9552,AnnualSalary,334729.6,121713.244092764,102440.0,76924.68668910056,2.7691546768096,97.24295809694436,INVESTIGATE,
9560,AnnualSalary,332587.2,121713.244092764,102440.0,76924.68668910056,2.7413040596383045,95.92913307454963,INVESTIGATE,
9566,AnnualSalary,338806.4,121713.244092764,102440.0,76924.68668910056,2.822151967737503,99.51229222653528,INVESTIGATE,
9571,AnnualSalary,289779.2,121713.244092764,102440.0,76924.68668910056,2.1848117053306018,94.57549517268836,INVESTIGATE,
9645,AnnualSalary,338369.6,121713.244092764,102440.0,76924.68668910056,2.8164736865666553,99.34308748880262,INVESTIGATE,
9652,AnnualSalary,330652.8,121713.244092764,102440.0,76924.68668910056,2.7161573858816976,95.12292226535284,INVESTIGATE,
9655,AnnualSalary,336892.8,121713.244092764,102440.0,76924.68668910056,2.7972756883223644,98.5169702398726,INVESTIGATE,
9670,AnnualSalary,338390.4,121713.244092764,102440.0,76924.68668910056,2.816744080908125,99.36299392853589,INVESTIGATE,
9684,AnnualSalary,335956.8,121713.244092764,102440.0,76924.68668910056,2.7851079429562646,97.89987060814174,INVESTIGATE,
9694,AnnualSalary,335998.4,121713.244092764,102440.0,76924.68668910056,2.7856487316392027,97.93968348760825,INVESTIGATE,
9710,AnnualSalary,333315.2,121713.244092764,102440.0,76924.68668910056,2.7507678615897158,96.37702796854782,INVESTIGATE,
9740,AnnualSalary,337059.2,121713.244092764,102440.0,76924.68668910056,2.7994388430541157,98.60654921867224,INVESTIGATE,
9753,AnnualSalary,331235.2,121713.244092764,102440.0,76924.68668910056,2.723728427442827,95.41156564148501,INVESTIGATE,
9760,AnnualSalary,337433.6,121713.244092764,102440.0,76924.68668910056,2.8043059412005555,98.81556683587141,INVESTIGATE,
9770,AnnualSalary,337392.0,121713.244092764,102440.0,76924.68668910056,2.803765152517618,98.78570717627152,INVESTIGATE,
9776,AnnualSalary,330257.6,121713.244092764,102440.0,76924.68668910056,2.7110198933937886,94.85418532895392,INVESTIGATE,
9803,AnnualSalary,330361.6,121713.244092764,102440.0,76924.68668910056,2.712371865101133,94.9238578680203,INVESTIGATE,
9805,AnnualSalary,333356.8,121713.244092764,102440.0,76924.68668910056,2.7513086502726534,96.45665372748084,INVESTIGATE,
9815,AnnualSalary,336081.6,121713.244092764,102440.0,76924.68668910056,2.7867303090050775,98.01930924654125,INVESTIGATE,
9883,AnnualSalary,339638.4,121713.244092764,102440.0,76924.68668910056,2.832967741396258,99.84074848213396,INVESTIGATE,
9887,AnnualSalary,335208.0,121713.244092764,102440.0,76924.68668910056,2.7753737466633845,97.48183537374341,INVESTIGATE,
9910,AnnualSalary,337246.4,121713.244092764,102440.0,76924.68668910056,2.801872392127336,98.68617497760526,INVESTIGATE,
9926,AnnualSalary,334979.2,121713.244092764,102440.0,76924.68668910056,2.772399408907227,97.39225639494377,INVESTIGATE,
9930,AnnualSalary,333356.8,121713.244092764,102440.0,76924.68668910056,2.7513086502726534,96.45665372748084,INVESTIGATE,
9951,AnnualSalary,332316.8,121713.244092764,102440.0,76924.68668910056,2.7377889331992087,95.75992833681696,INVESTIGATE,
9991,AnnualSalary,338140.8,121713.244092764,102440.0,76924.68668910056,2.813499348810498,99.2236488504031,INVESTIGATE,
10008,AnnualSalary,339076.8,121713.244092764,102440.0,76924.68668910056,2.825667094176598,99.66159052453469,INVESTIGATE,
10029,AnnualSalary,332358.4,121713.244092764,102440.0,76924.68668910056,2.738329721882147,95.78978799641685,INVESTIGATE,
10037,AnnualSalary,331276.8,121713.244092764,102440.0,76924.68668910056,2.7242692161257644,95.42151886135166,INVESTIGATE,
10038,AnnualSalary,289966.4,121713.244092764,102440.0,76924.68668910056,2.187245254403822,94.665074151488,INVESTIGATE,
10075,AnnualSalary,332628.8,121713.244092764,102440.0,76924.68668910056,2.741844848321242,95.95899273414949,INVESTIGATE,
10087,AnnualSalary,337745.6,121713.244092764,102440.0,76924.68668910056,2.808361856322589,98.9947247934707,INVESTIGATE,
10094,AnnualSalary,333544.0,121713.244092764,102440.0,76924.68668910056,2.7537421993458735,96.59599880561362,INVESTIGATE,
205,DrivingCommuterDistance,250.0,52.89867622175774,49.0,39.14710721908768,5.034888597902271,98.01930924654125,INVESTIGATE,
208,DrivingCommuterDistance,250.0,52.89867622175774,49.0,39.14710721908768,5.034888597902271,98.01930924654125,INVESTIGATE,
210,DrivingCommuterDistance,250.0,52.89867622175774,49.0,39.14710721908768,5.034888597902271,98.01930924654125,INVESTIGATE,
218,DrivingCommuterDistance,250.0,52.89867622175774,49.0,39.14710721908768,5.034888597902271,98.01930924654125,INVESTIGATE,
223,DrivingCommuterDistance,250.0,52.89867622175774,49.0,39.14710721908768,5.034888597902271,98.01930924654125,INVESTIGATE,
231,DrivingCommuterDistance,250.0,52.89867622175774,49.0,39.14710721908768,5.034888597902271,98.01930924654125,INVESTIGATE,
240,DrivingCommuterDistance,250.0,52.89867622175774,49.0,39.14710721908768,5.034888597902271,98.01930924654125,INVESTIGATE,
252,DrivingCommuterDistance,250.0,52.89867622175774,49.0,39.14710721908768,5.034888597902271,98.01930924654125,INVESTIGATE,
271,DrivingCommuterDistance,250.0,52.89867622175774,49.0,39.14710721908768,5.034888597902271,98.01930924654125,INVESTIGATE,
287,DrivingCommuterDistance,250.0,52.89867622175774,49.0,39.14710721908768,5.034888597902271,98.01930924654125,INVESTIGATE,
290,DrivingCommuterDistance,250.0,52.89867622175774,49.0,39.14710721908768,5.034888597902271,98.01930924654125,INVESTIGATE,
294,DrivingCommuterDistance,250.0,52.89867622175774,49.0,39.14710721908768,5.034888597902271,98.01930924654125,INVESTIGATE,
301,DrivingCommuterDistance,250.0,52.89867622175774,49.0,39.14710721908768,5.034888597902271,98.01930924654125,INVESTIGATE,
305,DrivingCommuterDistance,250.0,52.89867622175774,49.0,39.14710721908768,5.034888597902271,98.01930924654125,INVESTIGATE,
311,DrivingCommuterDistance,250.0,52.89867622175774,49.0,39.14710721908768,5.034888597902271,98.01930924654125,INVESTIGATE,
316,DrivingCommuterDistance,250.0,52.89867622175774,49.0,39.14710721908768,5.034888597902271,98.01930924654125,INVESTIGATE,
321,DrivingCommuterDistance,250.0,52.89867622175774,49.0,39.14710721908768,5.034888597902271,98.01930924654125,INVESTIGATE,
345,DrivingCommuterDistance,250.0,52.89867622175774,49.0,39.14710721908768,5.034888597902271,98.01930924654125,INVESTIGATE,
346,DrivingCommuterDistance,250.0,52.89867622175774,49.0,39.14710721908768,5.034888597902271,98.01930924654125,INVESTIGATE,
353,DrivingCommuterDistance,250.0,52.89867622175774,49.0,39.14710721908768,5.034888597902271,98.01930924654125,INVESTIGATE,
356,DrivingCommuterDistance,250.0,52.89867622175774,49.0,39.14710721908768,5.034888597902271,98.01930924654125,INVESTIGATE,
388,DrivingCommuterDistance,250.0,52.89867622175774,49.0,39.14710721908768,5.034888597902271,98.01930924654125,INVESTIGATE,
389,DrivingCommuterDistance,250.0,52.89867622175774,49.0,39.14710721908768,5.034888597902271,98.01930924654125,INVESTIGATE,
391,DrivingCommuterDistance,250.0,52.89867622175774,49.0,39.14710721908768,5.034888597902271,98.01930924654125,INVESTIGATE,
392,DrivingCommuterDistance,250.0,52.89867622175774,49.0,39.14710721908768,5.034888597902271,98.01930924654125,INVESTIGATE,
395,DrivingCommuterDistance,250.0,52.89867622175774,49.0,39.14710721908768,5.034888597902271,98.01930924654125,INVESTIGATE,
402,DrivingCommuterDistance,250.0,52.89867622175774,49.0,39.14710721908768,5.034888597902271,98.01930924654125,INVESTIGATE,
411,DrivingCommuterDistance,250.0,52.89867622175774,49.0,39.14710721908768,5.034888597902271,98.01930924654125,INVESTIGATE,
417,DrivingCommuterDistance,250.0,52.89867622175774,49.0,39.14710721908768,5.034888597902271,98.01930924654125,INVESTIGATE,
434,DrivingCommuterDistance,250.0,52.89867622175774,49.0,39.14710721908768,5.034888597902271,98.01930924654125,INVESTIGATE,
449,DrivingCommuterDistance,250.0,52.89867622175774,49.0,39.14710721908768,5.034888597902271,98.01930924654125,INVESTIGATE,
454,DrivingCommuterDistance,250.0,52.89867622175774,49.0,39.14710721908768,5.034888597902271,98.01930924654125,INVESTIGATE,
479,DrivingCommuterDistance,250.0,52.89867622175774,49.0,39.14710721908768,5.034888597902271,98.01930924654125,INVESTIGATE,
671,DrivingCommuterDistance,250.0,52.89867622175774,49.0,39.14710721908768,5.034888597902271,98.01930924654125,INVESTIGATE,
672,DrivingCommuterDistance,250.0,52.89867622175774,49.0,39.14710721908768,5.034888597902271,98.01930924654125,INVESTIGATE,
702,DrivingCommuterDistance,250.0,52.89867622175774,49.0,39.14710721908768,5.034888597902271,98.01930924654125,INVESTIGATE,
707,DrivingCommuterDistance,250.0,52.89867622175774,49.0,39.14710721908768,5.034888597902271,98.01930924654125,INVESTIGATE,
709,DrivingCommuterDistance,250.0,52.89867622175774,49.0,39.14710721908768,5.034888597902271,98.01930924654125,INVESTIGATE,
936,DrivingCommuterDistance,250.0,52.89867622175774,49.0,39.14710721908768,5.034888597902271,98.01930924654125,INVESTIGATE,
952,DrivingCommuterDistance,250.0,52.89867622175774,49.0,39.14710721908768,5.034888597902271,98.01930924654125,INVESTIGATE,
954,DrivingCommuterDistance,250.0,52.89867622175774,49.0,39.14710721908768,5.034888597902271,98.01930924654125,INVESTIGATE,
962,DrivingCommuterDistance,250.0,52.89867622175774,49.0,39.14710721908768,5.034888597902271,98.01930924654125,INVESTIGATE,
980,DrivingCommuterDistance,250.0,52.89867622175774,49.0,39.14710721908768,5.034888597902271,98.01930924654125,INVESTIGATE,
984,DrivingCommuterDistance,250.0,52.89867622175774,49.0,39.14710721908768,5.034888597902271,98.01930924654125,INVESTIGATE,
1009,DrivingCommuterDistance,250.0,52.89867622175774,49.0,39.14710721908768,5.034888597902271,98.01930924654125,INVESTIGATE,
1259,DrivingCommuterDistance,250.0,52.89867622175774,49.0,39.14710721908768,5.034888597902271,98.01930924654125,INVESTIGATE,
1272,DrivingCommuterDistance,250.0,52.89867622175774,49.0,39.14710721908768,5.034888597902271,98.01930924654125,INVESTIGATE,
1273,DrivingCommuterDistance,250.0,52.89867622175774,49.0,39.14710721908768,5.034888597902271,98.01930924654125,INVESTIGATE,
1297,DrivingCommuterDistance,322.0,52.89867622175774,49.0,39.14710721908768,6.874104956777791,99.7810291629342,INVESTIGATE,
1322,DrivingCommuterDistance,322.0,52.89867622175774,49.0,39.14710721908768,6.874104956777791,99.7810291629342,INVESTIGATE,
1328,DrivingCommuterDistance,322.0,52.89867622175774,49.0,39.14710721908768,6.874104956777791,99.7810291629342,INVESTIGATE,
1335,DrivingCommuterDistance,322.0,52.89867622175774,49.0,39.14710721908768,6.874104956777791,99.7810291629342,INVESTIGATE,
1340,DrivingCommuterDistance,322.0,52.89867622175774,49.0,39.14710721908768,6.874104956777791,99.7810291629342,INVESTIGATE,
1341,DrivingCommuterDistance,322.0,52.89867622175774,49.0,39.14710721908768,6.874104956777791,99.7810291629342,INVESTIGATE,
1344,DrivingCommuterDistance,322.0,52.89867622175774,49.0,39.14710721908768,6.874104956777791,99.7810291629342,INVESTIGATE,
1358,DrivingCommuterDistance,322.0,52.89867622175774,49.0,39.14710721908768,6.874104956777791,99.7810291629342,INVESTIGATE,
1368,DrivingCommuterDistance,250.0,52.89867622175774,49.0,39.14710721908768,5.034888597902271,98.01930924654125,INVESTIGATE,
1374,DrivingCommuterDistance,322.0,52.89867622175774,49.0,39.14710721908768,6.874104956777791,99.7810291629342,INVESTIGATE,
1375,DrivingCommuterDistance,250.0,52.89867622175774,49.0,39.14710721908768,5.034888597902271,98.01930924654125,INVESTIGATE,
1399,DrivingCommuterDistance,322.0,52.89867622175774,49.0,39.14710721908768,6.874104956777791,99.7810291629342,INVESTIGATE,
1402,DrivingCommuterDistance,322.0,52.89867622175774,49.0,39.14710721908768,6.874104956777791,99.7810291629342,INVESTIGATE,
1420,DrivingCommuterDistance,250.0,52.89867622175774,49.0,39.14710721908768,5.034888597902271,98.01930924654125,INVESTIGATE,
1427,DrivingCommuterDistance,322.0,52.89867622175774,49.0,39.14710721908768,6.874104956777791,99.7810291629342,INVESTIGATE,
1434,DrivingCommuterDistance,322.0,52.89867622175774,49.0,39.14710721908768,6.874104956777791,99.7810291629342,INVESTIGATE,
1435,DrivingCommuterDistance,250.0,52.89867622175774,49.0,39.14710721908768,5.034888597902271,98.01930924654125,INVESTIGATE,
1442,DrivingCommuterDistance,322.0,52.89867622175774,49.0,39.14710721908768,6.874104956777791,99.7810291629342,INVESTIGATE,
1462,DrivingCommuterDistance,322.0,52.89867622175774,49.0,39.14710721908768,6.874104956777791,99.7810291629342,INVESTIGATE,
1472,DrivingCommuterDistance,322.0,52.89867622175774,49.0,39.14710721908768,6.874104956777791,99.7810291629342,INVESTIGATE,
1482,DrivingCommuterDistance,322.0,52.89867622175774,49.0,39.14710721908768,6.874104956777791,99.7810291629342,INVESTIGATE,
1495,DrivingCommuterDistance,322.0,52.89867622175774,49.0,39.14710721908768,6.874104956777791,99.7810291629342,INVESTIGATE,
1526,DrivingCommuterDistance,322.0,52.89867622175774,49.0,39.14710721908768,6.874104956777791,99.7810291629342,INVESTIGATE,
1534,DrivingCommuterDistance,322.0,52.89867622175774,49.0,39.14710721908768,6.874104956777791,99.7810291629342,INVESTIGATE,
1535,DrivingCommuterDistance,322.0,52.89867622175774,49.0,39.14710721908768,6.874104956777791,99.7810291629342,INVESTIGATE,
1547,DrivingCommuterDistance,322.0,52.89867622175774,49.0,39.14710721908768,6.874104956777791,99.7810291629342,INVESTIGATE,
1563,DrivingCommuterDistance,250.0,52.89867622175774,49.0,39.14710721908768,5.034888597902271,98.01930924654125,INVESTIGATE,
1566,DrivingCommuterDistance,250.0,52.89867622175774,49.0,39.14710721908768,5.034888597902271,98.01930924654125,INVESTIGATE,
1570,DrivingCommuterDistance,250.0,52.89867622175774,49.0,39.14710721908768,5.034888597902271,98.01930924654125,INVESTIGATE,
1589,DrivingCommuterDistance,250.0,52.89867622175774,49.0,39.14710721908768,5.034888597902271,98.01930924654125,INVESTIGATE,
1611,DrivingCommuterDistance,250.0,52.89867622175774,49.0,39.14710721908768,5.034888597902271,98.01930924654125,INVESTIGATE,
1621,DrivingCommuterDistance,250.0,52.89867622175774,49.0,39.14710721908768,5.034888597902271,98.01930924654125,INVESTIGATE,
1626,DrivingCommuterDistance,250.0,52.89867622175774,49.0,39.14710721908768,5.034888597902271,98.01930924654125,INVESTIGATE,
1629,DrivingCommuterDistance,250.0,52.89867622175774,49.0,39.14710721908768,5.034888597902271,98.01930924654125,INVESTIGATE,
1640,DrivingCommuterDistance,250.0,52.89867622175774,49.0,39.14710721908768,5.034888597902271,98.01930924654125,INVESTIGATE,
1642,DrivingCommuterDistance,250.0,52.89867622175774,49.0,39.14710721908768,5.034888597902271,98.01930924654125,INVESTIGATE,
1652,DrivingCommuterDistance,250.0,52.89867622175774,49.0,39.14710721908768,5.034888597902271,98.01930924654125,INVESTIGATE,
1666,DrivingCommuterDistance,250.0,52.89867622175774,49.0,39.14710721908768,5.034888597902271,98.01930924654125,INVESTIGATE,
1669,DrivingCommuterDistance,250.0,52.89867622175774,49.0,39.14710721908768,5.034888597902271,98.01930924654125,INVESTIGATE,
1672,DrivingCommuterDistance,250.0,52.89867622175774,49.0,39.14710721908768,5.034888597902271,98.01930924654125,INVESTIGATE,
1679,DrivingCommuterDistance,250.0,52.89867622175774,49.0,39.14710721908768,5.034888597902271,98.01930924654125,INVESTIGATE,
1681,DrivingCommuterDistance,250.0,52.89867622175774,49.0,39.14710721908768,5.034888597902271,98.01930924654125,INVESTIGATE,
1714,DrivingCommuterDistance,250.0,52.89867622175774,49.0,39.14710721908768,5.034888597902271,98.01930924654125,INVESTIGATE,
1716,DrivingCommuterDistance,250.0,52.89867622175774,49.0,39.14710721908768,5.034888597902271,98.01930924654125,INVESTIGATE,
1733,DrivingCommuterDistance,250.0,52.89867622175774,49.0,39.14710721908768,5.034888597902271,98.01930924654125,INVESTIGATE,
1783,DrivingCommuterDistance,250.0,52.89867622175774,49.0,39.14710721908768,5.034888597902271,98.01930924654125,INVESTIGATE,
1799,DrivingCommuterDistance,250.0,52.89867622175774,49.0,39.14710721908768,5.034888597902271,98.01930924654125,INVESTIGATE,
1818,DrivingCommuterDistance,250.0,52.89867622175774,49.0,39.14710721908768,5.034888597902271,98.01930924654125,INVESTIGATE,
1819,DrivingCommuterDistance,250.0,52.89867622175774,49.0,39.14710721908768,5.034888597902271,98.01930924654125,INVESTIGATE,
1824,DrivingCommuterDistance,250.0,52.89867622175774,49.0,39.14710721908768,5.034888597902271,98.01930924654125,INVESTIGATE,
1842,DrivingCommuterDistance,250.0,52.89867622175774,49.0,39.14710721908768,5.034888597902271,98.01930924654125,INVESTIGATE,
1843,DrivingCommuterDistance,250.0,52.89867622175774,49.0,39.14710721908768,5.034888597902271,98.01930924654125,INVESTIGATE,
1875,DrivingCommuterDistance,250.0,52.89867622175774,49.0,39.14710721908768,5.034888597902271,98.01930924654125,INVESTIGATE,
1886,DrivingCommuterDistance,250.0,52.89867622175774,49.0,39.14710721908768,5.034888597902271,98.01930924654125,INVESTIGATE,
1900,DrivingCommuterDistance,250.0,52.89867622175774,49.0,39.14710721908768,5.034888597902271,98.01930924654125,INVESTIGATE,
1912,DrivingCommuterDistance,250.0,52.89867622175774,49.0,39.14710721908768,5.034888597902271,98.01930924654125,INVESTIGATE,
1925,DrivingCommuterDistance,250.0,52.89867622175774,49.0,39.14710721908768,5.034888597902271,98.01930924654125,INVESTIGATE,
1930,DrivingCommuterDistance,250.0,52.89867622175774,49.0,39.14710721908768,5.034888597902271,98.01930924654125,INVESTIGATE,
1938,DrivingCommuterDistance,250.0,52.89867622175774,49.0,39.14710721908768,5.034888597902271,98.01930924654125,INVESTIGATE,
1941,DrivingCommuterDistance,250.0,52.89867622175774,49.0,39.14710721908768,5.034888597902271,98.01930924654125,INVESTIGATE,
1958,DrivingCommuterDistance,250.0,52.89867622175774,49.0,39.14710721908768,5.034888597902271,98.01930924654125,INVESTIGATE,
1970,DrivingCommuterDistance,250.0,52.89867622175774,49.0,39.14710721908768,5.034888597902271,98.01930924654125,INVESTIGATE,
1971,DrivingCommuterDistance,250.0,52.89867622175774,49.0,39.14710721908768,5.034888597902271,98.01930924654125,INVESTIGATE,
1980,DrivingCommuterDistance,250.0,52.89867622175774,49.0,39.14710721908768,5.034888597902271,98.01930924654125,INVESTIGATE,
2005,DrivingCommuterDistance,250.0,52.89867622175774,49.0,39.14710721908768,5.034888597902271,98.01930924654125,INVESTIGATE,
2013,DrivingCommuterDistance,250.0,52.89867622175774,49.0,39.14710721908768,5.034888597902271,98.01930924654125,INVESTIGATE,
2014,DrivingCommuterDistance,250.0,52.89867622175774,49.0,39.14710721908768,5.034888597902271,98.01930924654125,INVESTIGATE,
2016,DrivingCommuterDistance,250.0,52.89867622175774,49.0,39.14710721908768,5.034888597902271,98.01930924654125,INVESTIGATE,
2032,DrivingCommuterDistance,250.0,52.89867622175774,49.0,39.14710721908768,5.034888597902271,98.01930924654125,INVESTIGATE,
2043,DrivingCommuterDistance,250.0,52.89867622175774,49.0,39.14710721908768,5.034888597902271,98.01930924654125,INVESTIGATE,
2047,DrivingCommuterDistance,250.0,52.89867622175774,49.0,39.14710721908768,5.034888597902271,98.01930924654125,INVESTIGATE,
2051,DrivingCommuterDistance,250.0,52.89867622175774,49.0,39.14710721908768,5.034888597902271,98.01930924654125,INVESTIGATE,
2080,DrivingCommuterDistance,250.0,52.89867622175774,49.0,39.14710721908768,5.034888597902271,98.01930924654125,INVESTIGATE,
2081,DrivingCommuterDistance,250.0,52.89867622175774,49.0,39.14710721908768,5.034888597902271,98.01930924654125,INVESTIGATE,
2084,DrivingCommuterDistance,250.0,52.89867622175774,49.0,39.14710721908768,5.034888597902271,98.01930924654125,INVESTIGATE,
2085,DrivingCommuterDistance,250.0,52.89867622175774,49.0,39.14710721908768,5.034888597902271,98.01930924654125,INVESTIGATE,
2087,DrivingCommuterDistance,250.0,52.89867622175774,49.0,39.14710721908768,5.034888597902271,98.01930924654125,INVESTIGATE,
2090,DrivingCommuterDistance,250.0,52.89867622175774,49.0,39.14710721908768,5.034888597902271,98.01930924654125,INVESTIGATE,
2104,DrivingCommuterDistance,250.0,52.89867622175774,49.0,39.14710721908768,5.034888597902271,98.01930924654125,INVESTIGATE,
2116,DrivingCommuterDistance,250.0,52.89867622175774,49.0,39.14710721908768,5.034888597902271,98.01930924654125,INVESTIGATE,
2117,DrivingCommuterDistance,250.0,52.89867622175774,49.0,39.14710721908768,5.034888597902271,98.01930924654125,INVESTIGATE,
2136,DrivingCommuterDistance,250.0,52.89867622175774,49.0,39.14710721908768,5.034888597902271,98.01930924654125,INVESTIGATE,
2141,DrivingCommuterDistance,250.0,52.89867622175774,49.0,39.14710721908768,5.034888597902271,98.01930924654125,INVESTIGATE,
2148,DrivingCommuterDistance,250.0,52.89867622175774,49.0,39.14710721908768,5.034888597902271,98.01930924654125,INVESTIGATE,
2184,DrivingCommuterDistance,250.0,52.89867622175774,49.0,39.14710721908768,5.034888597902271,98.01930924654125,INVESTIGATE,
2203,DrivingCommuterDistance,250.0,52.89867622175774,49.0,39.14710721908768,5.034888597902271,98.01930924654125,INVESTIGATE,
2238,DrivingCommuterDistance,250.0,52.89867622175774,49.0,39.14710721908768,5.034888597902271,98.01930924654125,INVESTIGATE,
2242,DrivingCommuterDistance,250.0,52.89867622175774,49.0,39.14710721908768,5.034888597902271,98.01930924654125,INVESTIGATE,
2276,DrivingCommuterDistance,250.0,52.89867622175774,49.0,39.14710721908768,5.034888597902271,98.01930924654125,INVESTIGATE,
2283,DrivingCommuterDistance,250.0,52.89867622175774,49.0,39.14710721908768,5.034888597902271,98.01930924654125,INVESTIGATE,
2285,DrivingCommuterDistance,250.0,52.89867622175774,49.0,39.14710721908768,5.034888597902271,98.01930924654125,INVESTIGATE,
2303,DrivingCommuterDistance,250.0,52.89867622175774,49.0,39.14710721908768,5.034888597902271,98.01930924654125,INVESTIGATE,
2304,DrivingCommuterDistance,250.0,52.89867622175774,49.0,39.14710721908768,5.034888597902271,98.01930924654125,INVESTIGATE,
2310,DrivingCommuterDistance,250.0,52.89867622175774,49.0,39.14710721908768,5.034888597902271,98.01930924654125,INVESTIGATE,
2322,DrivingCommuterDistance,250.0,52.89867622175774,49.0,39.14710721908768,5.034888597902271,98.01930924654125,INVESTIGATE,
2330,DrivingCommuterDistance,250.0,52.89867622175774,49.0,39.14710721908768,5.034888597902271,98.01930924654125,INVESTIGATE,
2405,DrivingCommuterDistance,250.0,52.89867622175774,49.0,39.14710721908768,5.034888597902271,98.01930924654125,INVESTIGATE,
2415,DrivingCommuterDistance,250.0,52.89867622175774,49.0,39.14710721908768,5.034888597902271,98.01930924654125,INVESTIGATE,
2425,DrivingCommuterDistance,250.0,52.89867622175774,49.0,39.14710721908768,5.034888597902271,98.01930924654125,INVESTIGATE,
2436,DrivingCommuterDistance,250.0,52.89867622175774,49.0,39.14710721908768,5.034888597902271,98.01930924654125,INVESTIGATE,
2479,DrivingCommuterDistance,250.0,52.89867622175774,49.0,39.14710721908768,5.034888597902271,98.01930924654125,INVESTIGATE,
2483,DrivingCommuterDistance,250.0,52.89867622175774,49.0,39.14710721908768,5.034888597902271,98.01930924654125,INVESTIGATE,
2484,DrivingCommuterDistance,250.0,52.89867622175774,49.0,39.14710721908768,5.034888597902271,98.01930924654125,INVESTIGATE,
2490,DrivingCommuterDistance,250.0,52.89867622175774,49.0,39.14710721908768,5.034888597902271,98.01930924654125,INVESTIGATE,
2492,DrivingCommuterDistance,250.0,52.89867622175774,49.0,39.14710721908768,5.034888597902271,98.01930924654125,INVESTIGATE,
2496,DrivingCommuterDistance,250.0,52.89867622175774,49.0,39.14710721908768,5.034888597902271,98.01930924654125,INVESTIGATE,
2497,DrivingCommuterDistance,250.0,52.89867622175774,49.0,39.14710721908768,5.034888597902271,98.01930924654125,INVESTIGATE,
2532,DrivingCommuterDistance,250.0,52.89867622175774,49.0,39.14710721908768,5.034888597902271,98.01930924654125,INVESTIGATE,
2550,DrivingCommuterDistance,250.0,52.89867622175774,49.0,39.14710721908768,5.034888597902271,98.01930924654125,INVESTIGATE,
2551,DrivingCommuterDistance,250.0,52.89867622175774,49.0,39.14710721908768,5.034888597902271,98.01930924654125,INVESTIGATE,
2579,DrivingCommuterDistance,250.0,52.89867622175774,49.0,39.14710721908768,5.034888597902271,98.01930924654125,INVESTIGATE,
2592,DrivingCommuterDistance,250.0,52.89867622175774,49.0,39.14710721908768,5.034888597902271,98.01930924654125,INVESTIGATE,
2600,DrivingCommuterDistance,250.0,52.89867622175774,49.0,39.14710721908768,5.034888597902271,98.01930924654125,INVESTIGATE,
2610,DrivingCommuterDistance,250.0,52.89867622175774,49.0,39.14710721908768,5.034888597902271,98.01930924654125,INVESTIGATE,
2612,DrivingCommuterDistance,250.0,52.89867622175774,49.0,39.14710721908768,5.034888597902271,98.01930924654125,INVESTIGATE,
2618,DrivingCommuterDistance,250.0,52.89867622175774,49.0,39.14710721908768,5.034888597902271,98.01930924654125,INVESTIGATE,
2626,DrivingCommuterDistance,250.0,52.89867622175774,49.0,39.14710721908768,5.034888597902271,98.01930924654125,INVESTIGATE,
2648,DrivingCommuterDistance,250.0,52.89867622175774,49.0,39.14710721908768,5.034888597902271,98.01930924654125,INVESTIGATE,
2650,DrivingCommuterDistance,250.0,52.89867622175774,49.0,39.14710721908768,5.034888597902271,98.01930924654125,INVESTIGATE,
2665,DrivingCommuterDistance,250.0,52.89867622175774,49.0,39.14710721908768,5.034888597902271,98.01930924654125,INVESTIGATE,
2702,DrivingCommuterDistance,250.0,52.89867622175774,49.0,39.14710721908768,5.034888597902271,98.01930924654125,INVESTIGATE,
2707,DrivingCommuterDistance,250.0,52.89867622175774,49.0,39.14710721908768,5.034888597902271,98.01930924654125,INVESTIGATE,
2711,DrivingCommuterDistance,250.0,52.89867622175774,49.0,39.14710721908768,5.034888597902271,98.01930924654125,INVESTIGATE,
2720,DrivingCommuterDistance,250.0,52.89867622175774,49.0,39.14710721908768,5.034888597902271,98.01930924654125,INVESTIGATE,
2766,DrivingCommuterDistance,250.0,52.89867622175774,49.0,39.14710721908768,5.034888597902271,98.01930924654125,INVESTIGATE,
2807,DrivingCommuterDistance,250.0,52.89867622175774,49.0,39.14710721908768,5.034888597902271,98.01930924654125,INVESTIGATE,
2846,DrivingCommuterDistance,250.0,52.89867622175774,49.0,39.14710721908768,5.034888597902271,98.01930924654125,INVESTIGATE,
2847,DrivingCommuterDistance,250.0,52.89867622175774,49.0,39.14710721908768,5.034888597902271,98.01930924654125,INVESTIGATE,
2891,DrivingCommuterDistance,250.0,52.89867622175774,49.0,39.14710721908768,5.034888597902271,98.01930924654125,INVESTIGATE,
3291,DrivingCommuterDistance,250.0,52.89867622175774,49.0,39.14710721908768,5.034888597902271,98.01930924654125,INVESTIGATE,
3295,DrivingCommuterDistance,250.0,52.89867622175774,49.0,39.14710721908768,5.034888597902271,98.01930924654125,INVESTIGATE,
3298,DrivingCommuterDistance,250.0,52.89867622175774,49.0,39.14710721908768,5.034888597902271,98.01930924654125,INVESTIGATE,
3304,DrivingCommuterDistance,250.0,52.89867622175774,49.0,39.14710721908768,5.034888597902271,98.01930924654125,INVESTIGATE,
3320,DrivingCommuterDistance,250.0,52.89867622175774,49.0,39.14710721908768,5.034888597902271,98.01930924654125,INVESTIGATE,
3329,DrivingCommuterDistance,250.0,52.89867622175774,49.0,39.14710721908768,5.034888597902271,98.01930924654125,INVESTIGATE,
3337,DrivingCommuterDistance,250.0,52.89867622175774,49.0,39.14710721908768,5.034888597902271,98.01930924654125,INVESTIGATE,
3383,DrivingCommuterDistance,250.0,52.89867622175774,49.0,39.14710721908768,5.034888597902271,98.01930924654125,INVESTIGATE,
3396,DrivingCommuterDistance,250.0,52.89867622175774,49.0,39.14710721908768,5.034888597902271,98.01930924654125,INVESTIGATE,
3399,DrivingCommuterDistance,250.0,52.89867622175774,49.0,39.14710721908768,5.034888597902271,98.01930924654125,INVESTIGATE,
3402,DrivingCommuterDistance,250.0,52.89867622175774,49.0,39.14710721908768,5.034888597902271,98.01930924654125,INVESTIGATE,
3421,DrivingCommuterDistance,250.0,52.89867622175774,49.0,39.14710721908768,5.034888597902271,98.01930924654125,INVESTIGATE,
3430,DrivingCommuterDistance,250.0,52.89867622175774,49.0,39.14710721908768,5.034888597902271,98.01930924654125,INVESTIGATE,
3436,DrivingCommuterDistance,250.0,52.89867622175774,49.0,39.14710721908768,5.034888597902271,98.01930924654125,INVESTIGATE,
3437,DrivingCommuterDistance,250.0,52.89867622175774,49.0,39.14710721908768,5.034888597902271,98.01930924654125,INVESTIGATE,
3450,DrivingCommuterDistance,250.0,52.89867622175774,49.0,39.14710721908768,5.034888597902271,98.01930924654125,INVESTIGATE,
3453,DrivingCommuterDistance,250.0,52.89867622175774,49.0,39.14710721908768,5.034888597902271,98.01930924654125,INVESTIGATE,
3456,DrivingCommuterDistance,250.0,52.89867622175774,49.0,39.14710721908768,5.034888597902271,98.01930924654125,INVESTIGATE,
3465,DrivingCommuterDistance,250.0,52.89867622175774,49.0,39.14710721908768,5.034888597902271,98.01930924654125,INVESTIGATE,
3481,DrivingCommuterDistance,250.0,52.89867622175774,49.0,39.14710721908768,5.034888597902271,98.01930924654125,INVESTIGATE,
3486,DrivingCommuterDistance,250.0,52.89867622175774,49.0,39.14710721908768,5.034888597902271,98.01930924654125,INVESTIGATE,
3491,DrivingCommuterDistance,250.0,52.89867622175774,49.0,39.14710721908768,5.034888597902271,98.01930924654125,INVESTIGATE,
